,time,action,position,entry_price,close_price,profit,balance,worst_daily_pnl,best_daily_pnl
0,2024-01-22 00:00:00,open,long,97.741,,,9999.9998,0.0,0.0
1,2024-01-22 02:00:00,hold,long,,,,9999.9998,-22.100400000000363,21.89959999999941
2,2024-01-22 03:00:00,hold,long,,,,9999.9998,-39.90060000000009,34.599399999998944
3,2024-01-22 04:00:00,close,neutral,,,-50.0,9949.9996,-62.40079999999952,29.799199999998763
4,2024-01-23 08:00:00,open,short,97.258,,,9949.999399999999,0.0,0.0
5,2024-01-23 09:00:00,hold,short,,,,9949.999399999999,-25.200200000000955,6.59980000000025
6,2024-01-23 10:00:00,hold,short,,,,9949.999399999999,-39.90040000000151,23.199599999999933
7,2024-01-23 11:00:00,hold,short,,,,9949.999399999999,-47.10060000000178,38.099400000000024
8,2024-01-23 12:00:00,close,neutral,,,-50.0,9899.999199999998,-61.40080000000185,34.49919999999989
9,2024-01-24 20:00:00,open,long,97.12,,,9899.998999999998,0.0,0.0
10,2024-01-24 21:00:00,hold,long,,,,9899.998999999998,-12.200199999999988,0.2998000000000114
11,2024-01-24 22:00:00,hold,long,,,,9899.998999999998,-23.100400000000874,-3.4004000000006025
12,2024-01-24 23:00:00,hold,long,,,,9899.998999999998,-40.100600000001045,-11.200600000000899
13,2024-01-25 00:00:00,hold,long,,,,9899.998999999998,-22.300199999999897,-12.900200000000488
14,2024-01-25 01:00:00,hold,long,,,,9899.998999999998,-41.800400000000636,-16.100400000001557
15,2024-01-25 02:00:00,close,neutral,,,-50.0,9849.998799999998,-54.50060000000159,-17.40060000000208
16,2024-01-25 13:00:00,open,long,97.216,,,9849.998599999997,-54.50060000000159,-17.40060000000208
17,2024-01-25 14:00:00,close,neutral,,,-50.0,9799.998399999997,-56.700800000000726,-13.900800000000999
18,2024-01-25 15:00:00,open,long,97.337,,,9799.998199999996,-56.700800000000726,-13.900800000000999
19,2024-01-25 16:00:00,close,neutral,,,-50.0,9749.997999999996,-83.70100000000176,-12.10100000000093
20,2024-01-25 16:00:00,open,long,97.223,,,9749.997799999996,-83.70100000000176,-12.10100000000093
21,2024-01-25 17:00:00,close,neutral,,,-50.0,9699.997599999995,-103.60120000000157,-9.801200000001316
22,2024-01-26 01:00:00,open,short,97.227,,,9699.997399999995,0.0,0.0
23,2024-01-26 02:00:00,hold,short,,,,9699.997399999995,-6.800199999999784,9.999800000000853
24,2024-01-26 03:00:00,hold,short,,,,9699.997399999995,-9.600399999998944,19.999600000001706
25,2024-01-26 04:00:00,hold,short,,,,9699.997399999995,-18.500599999998805,25.899400000001457
26,2024-01-26 05:00:00,hold,short,,,,9699.997399999995,-32.20079999999885,23.39920000000231
27,2024-01-26 06:00:00,hold,short,,,,9699.997399999995,-49.000999999998065,12.399000000002367
28,2024-01-26 07:00:00,close,neutral,,,-50.0,9649.997199999994,-71.30119999999796,0.3988000000033338
29,2024-01-26 15:00:00,open,long,97.508,,,9649.996999999994,-71.30119999999796,0.3988000000033338
30,2024-01-26 16:00:00,close,neutral,,,-50.0,9599.996799999994,-77.00139999999818,7.098600000004061
31,2024-01-26 20:00:00,open,short,97.449,,,9599.996599999993,-77.00139999999818,7.098600000004061
32,2024-01-26 21:00:00,close,neutral,,,-50.0,9549.996399999993,-81.7015999999979,8.598400000004117
33,2024-01-29 01:00:00,open,short,97.459,,,9549.996199999992,0.0,0.0
34,2024-01-29 02:00:00,hold,short,,,,9549.996199999992,-10.600199999999454,1.5998000000005344
35,2024-01-29 03:00:00,hold,short,,,,9549.996199999992,-30.50039999999926,-2.3003999999996134
36,2024-01-29 04:00:00,close,neutral,,,-50.0,9499.995999999992,-51.3005999999991,-13.200599999999078
37,2024-01-29 09:00:00,open,short,97.53,,,9499.995799999992,-51.3005999999991,-13.200599999999078
38,2024-01-29 10:00:00,close,neutral,,,-50.0,9449.995599999991,-56.40079999999929,-9.30079999999893
39,2024-01-30 00:00:00,open,long,97.511,,,9449.99539999999,0.0,0.0
40,2024-01-30 01:00:00,hold,long,,,,9449.99539999999,-3.0002000000001137,3.699800000000614
41,2024-01-30 02:00:00,hold,long,,,,9449.99539999999,-20.40039999999935,8.499600000000795
42,2024-01-30 03:00:00,hold,long,,,,9449.99539999999,-28.10059999999917,15.499400000001533
43,2024-01-30 04:00:00,hold,long,,,,9449.99539999999,-38.1007999999986,14.89920000000151
44,2024-01-30 05:00:00,hold,long,,,,9449.99539999999,-49.10099999999854,16.599000000002523
45,2024-01-30 06:00:00,close,neutral,,,-50.0,9399.99519999999,-65.90119999999776,8.598800000002694
46,2024-01-30 10:00:00,open,short,97.328,,,9399.99499999999,-65.90119999999776,8.598800000002694
47,2024-01-30 11:00:00,close,neutral,,,-50.0,9349.99479999999,-70.00139999999745,24.198600000003285
48,2024-01-30 17:00:00,open,short,97.278,,,9349.994599999989,-70.00139999999745,24.198600000003285
49,2024-01-30 18:00:00,close,neutral,,,-50.0,9299.994399999989,-86.10159999999615,25.998400000003354
50,2024-01-31 15:00:00,open,long,97.289,,,9299.994199999988,0.0,0.0
51,2024-01-31 17:00:00,close,neutral,,,-50.0,9249.993999999988,-99.80040000000048,-15.800400000000124
52,2024-02-01 12:00:00,open,short,95.609,,,9249.993799999987,0.0,0.0
53,2024-02-01 13:00:00,hold,short,,,,9249.993799999987,-11.900199999999977,6.799799999999784
54,2024-02-01 14:00:00,hold,short,,,,9249.993799999987,-43.900400000000715,-3.2004000000010686
55,2024-02-01 15:00:00,close,neutral,,,-50.0,9199.993599999987,-64.80060000000103,-1.4006000000010004
56,2024-02-02 00:00:00,open,long,96.221,,,9199.993399999987,0.0,0.0
57,2024-02-02 01:00:00,hold,long,,,,9199.993399999987,-3.9002000000001478,10.699799999999932
58,2024-02-02 02:00:00,hold,long,,,,9199.993399999987,0.7995999999995562,24.2995999999995
59,2024-02-02 03:00:00,hold,long,,,,9199.993399999987,4.5993999999992266,46.49939999999892
60,2024-02-02 04:00:00,hold,long,,,,9199.993399999987,25.39919999999907,80.19919999999925
61,2024-02-02 05:00:00,close,neutral,,,100.0,9299.993199999986,50.69899999999908,115.49899999999869
62,2024-02-05 00:00:00,open,long,96.625,,,9299.992999999986,0.0,0.0
63,2024-02-05 01:00:00,hold,long,,,,9299.992999999986,-21.000199999999374,1.5998000000005344
64,2024-02-05 02:00:00,hold,long,,,,9299.992999999986,-33.800399999999385,4.799600000000182
65,2024-02-05 03:00:00,close,neutral,,,-50.0,9249.992799999985,-54.40059999999969,-0.30060000000001175
66,2024-02-05 09:00:00,open,long,96.704,,,9249.992599999985,-54.40059999999969,-0.30060000000001175
67,2024-02-05 10:00:00,close,neutral,,,-50.0,9199.992399999985,-68.00079999999926,3.599200000000136
68,2024-02-05 10:00:00,open,long,96.611,,,9199.992199999984,-68.00079999999926,3.599200000000136
69,2024-02-05 11:00:00,close,neutral,,,-50.0,9149.991999999984,-80.70100000000022,6.398999999999295
70,2024-02-06 03:00:00,open,long,96.463,,,9149.991799999983,0.0,0.0
71,2024-02-06 04:00:00,hold,long,,,,9149.991799999983,-4.100199999999682,5.599800000001159
72,2024-02-06 05:00:00,hold,long,,,,9149.991799999983,-9.40039999999941,31.499600000001195
73,2024-02-06 06:00:00,hold,long,,,,9149.991799999983,-0.600599999998602,64.999400000002
74,2024-02-06 07:00:00,hold,long,,,,9149.991799999983,12.599200000001899,94.99920000000313
75,2024-02-06 08:00:00,close,neutral,,,100.0,9249.991599999983,17.69900000000209,116.59900000000394
76,2024-02-06 13:00:00,open,short,96.579,,,9249.991399999983,17.69900000000209,116.59900000000394
77,2024-02-06 14:00:00,close,neutral,,,100.0,9349.991199999982,15.898800000002023,122.7988000000037
78,2024-02-06 15:00:00,open,short,96.48,,,9349.990999999982,15.898800000002023,122.7988000000037
79,2024-02-06 16:00:00,close,neutral,,,100.0,9449.990799999981,6.798600000002626,126.59860000000478
80,2024-02-09 02:00:00,open,long,96.91,,,9449.990599999981,0.0,0.0
81,2024-02-09 03:00:00,hold,long,,,,9449.990599999981,-3.500199999999659,5.299799999999727
82,2024-02-09 04:00:00,hold,long,,,,9449.990599999981,-4.3003999999992155,16.39960000000015
83,2024-02-09 05:00:00,hold,long,,,,9449.990599999981,2.299400000001034,29.299400000000638
84,2024-02-09 06:00:00,hold,long,,,,9449.990599999981,8.99920000000176,41.899200000001116
85,2024-02-09 07:00:00,hold,long,,,,9449.990599999981,15.199000000001522,53.19900000000107
86,2024-02-09 08:00:00,hold,long,,,,9449.990599999981,23.398800000002307,70.89880000000174
87,2024-02-09 09:00:00,hold,long,,,,9449.990599999981,38.598600000002406,99.39860000000141
88,2024-02-09 10:00:00,close,neutral,,,100.0,9549.99039999998,62.49840000000284,136.39840000000186
89,2024-02-13 13:00:00,open,short,97.407,,,9549.99019999998,0.0,0.0
90,2024-02-13 14:00:00,hold,short,,,,9549.99019999998,-10.900200000000886,2.8997999999996362
91,2024-02-13 15:00:00,hold,short,,,,9549.99019999998,-25.40040000000191,23.99959999999949
92,2024-02-13 16:00:00,hold,short,,,,9549.99019999998,-24.500600000001874,45.999399999999376
93,2024-02-13 17:00:00,hold,short,,,,9549.99019999998,-13.400800000002874,71.19919999999891
94,2024-02-13 18:00:00,hold,short,,,,9549.99019999998,-13.90100000000384,84.19899999999845
95,2024-02-13 19:00:00,hold,short,,,,9549.99019999998,-9.901200000004636,95.79879999999841
96,2024-02-13 20:00:00,close,neutral,,,100.0,9649.98999999998,-3.8014000000053523,110.9985999999985
97,2024-02-14 21:00:00,open,long,97.717,,,9649.98979999998,0.0,0.0
98,2024-02-14 22:00:00,hold,long,,,,9649.98979999998,-4.900199999999239,3.3998000000006026
99,2024-02-14 23:00:00,hold,long,,,,9649.98979999998,-2.2003999999991364,10.09960000000133
100,2024-02-15 00:00:00,hold,long,,,,9649.98979999998,-5.800199999999273,0.2998000000000114
101,2024-02-15 01:00:00,hold,long,,,,9649.98979999998,-10.100399999998489,13.999600000000058
102,2024-02-15 02:00:00,hold,long,,,,9649.98979999998,-35.70059999999851,26.79940000000007
103,2024-02-15 03:00:00,close,neutral,,,-50.0,9599.989599999979,-76.00079999999909,4.0991999999996835
104,2024-02-16 02:00:00,open,long,97.783,,,9599.989399999979,0.0,0.0
105,2024-02-16 03:00:00,hold,long,,,,9599.989399999979,-8.500200000000795,1.1998000000000455
106,2024-02-16 04:00:00,hold,long,,,,9599.989399999979,-13.600400000000988,12.699599999999535
107,2024-02-16 05:00:00,hold,long,,,,9599.989399999979,-7.800600000001716,26.999399999999603
108,2024-02-16 06:00:00,hold,long,,,,9599.989399999979,1.6991999999981706,41.899199999999695
109,2024-02-16 07:00:00,hold,long,,,,9599.989399999979,12.098999999998092,60.89899999999947
110,2024-02-16 08:00:00,hold,long,,,,9599.989399999979,22.29879999999848,82.29879999999933
111,2024-02-16 09:00:00,close,neutral,,,100.0,9699.989199999978,39.098599999997695,109.89859999999896
112,2024-02-19 15:00:00,open,short,98.049,,,9699.988999999978,0.0,0.0
113,2024-02-19 16:00:00,hold,short,,,,9699.988999999978,-4.700199999999705,1.3998000000010005
114,2024-02-19 17:00:00,hold,short,,,,9699.988999999978,-16.500399999999203,0.09960000000189861
115,2024-02-19 18:00:00,hold,short,,,,9699.988999999978,-26.70059999999817,-6.500599999996931
116,2024-02-19 19:00:00,hold,short,,,,9699.988999999978,-39.90079999999725,-15.000799999996305
117,2024-02-19 20:00:00,close,neutral,,,-50.0,9649.988799999977,-54.10099999999684,-26.60099999999627
118,2024-02-20 10:00:00,open,long,98.358,,,9649.988599999977,0.0,0.0
119,2024-02-20 11:00:00,hold,long,,,,9649.988599999977,-1.100200000000989,14.59980000000008
120,2024-02-20 12:00:00,hold,long,,,,9649.988599999977,3.6995999999991924,30.499599999999262
121,2024-02-20 13:00:00,hold,long,,,,9649.988599999977,10.399399999998499,44.999399999998865
122,2024-02-20 14:00:00,hold,long,,,,9649.988599999977,22.699199999997546,65.0991999999982
123,2024-02-20 15:00:00,hold,long,,,,9649.988599999977,32.69899999999698,90.49899999999727
124,2024-02-20 16:00:00,close,neutral,,,100.0,9749.988399999977,35.998799999997104,113.2987999999967
125,2024-02-21 10:00:00,open,long,98.459,,,9749.988199999976,0.0,0.0
126,2024-02-21 11:00:00,hold,long,,,,9749.988199999976,-11.300199999999954,0.3997999999990678
127,2024-02-21 12:00:00,hold,long,,,,9749.988199999976,-22.100400000000363,-2.8004000000005798
128,2024-02-21 13:00:00,hold,long,,,,9749.988199999976,-39.90060000000009,-10.700600000001353
129,2024-02-21 14:00:00,close,neutral,,,-50.0,9699.987999999976,-59.30080000000035,-21.600800000002238
130,2024-02-23 10:00:00,open,long,98.845,,,9699.987799999975,0.0,0.0
131,2024-02-23 11:00:00,hold,long,,,,9699.987799999975,-9.500199999999886,5.999800000000227
132,2024-02-23 12:00:00,hold,long,,,,9699.987799999975,-16.500399999999203,10.899600000000886
133,2024-02-23 13:00:00,hold,long,,,,9699.987799999975,-14.700599999999135,21.19940000000033
134,2024-02-23 14:00:00,hold,long,,,,9699.987799999975,-9.200799999998452,36.1992000000009
135,2024-02-23 15:00:00,hold,long,,,,9699.987799999975,-7.900999999997929,46.89900000000083
136,2024-02-23 16:00:00,hold,long,,,,9699.987799999975,-15.501199999997269,54.498800000001594
137,2024-02-23 17:00:00,hold,long,,,,9699.987799999975,-28.901399999997302,47.99860000000182
138,2024-02-23 18:00:00,close,neutral,,,-50.0,9649.987599999975,-53.30159999999728,38.498400000001936
139,2024-02-26 16:00:00,open,long,98.545,,,9649.987399999975,0.0,0.0
140,2024-02-26 17:00:00,hold,long,,,,9649.987399999975,-2.80020000000058,2.9998000000001137
141,2024-02-26 18:00:00,hold,long,,,,9649.987399999975,-5.100400000000193,8.099600000000306
142,2024-02-26 19:00:00,hold,long,,,,9649.987399999975,-10.700599999999932,12.899400000000487
143,2024-02-26 20:00:00,hold,long,,,,9649.987399999975,-17.80079999999973,13.299200000000976
144,2024-02-26 21:00:00,hold,long,,,,9649.987399999975,-24.201000000000445,13.099000000001443
145,2024-02-26 22:00:00,hold,long,,,,9649.987399999975,-26.601200000000535,16.598800000001102
146,2024-02-26 23:00:00,hold,long,,,,9649.987399999975,-29.101400000001103,18.698600000001182
147,2024-02-27 00:00:00,hold,long,,,,9649.987399999975,-9.00020000000034,0.5998000000000228
148,2024-02-27 01:00:00,hold,long,,,,9649.987399999975,-20.900400000000317,-0.9004000000000341
149,2024-02-27 02:00:00,hold,long,,,,9649.987399999975,-44.10060000000025,-9.70060000000084
150,2024-02-27 03:00:00,close,neutral,,,-50.0,9599.987199999974,-68.00080000000068,-25.7008000000005
151,2024-02-27 17:00:00,open,short,98.468,,,9599.986999999974,-68.00080000000068,-25.7008000000005
152,2024-02-27 18:00:00,close,neutral,,,-50.0,9549.986799999973,-74.50100000000046,-23.400999999999463
153,2024-02-28 02:00:00,open,long,98.516,,,9549.986599999973,0.0,0.0
154,2024-02-28 03:00:00,hold,long,,,,9549.986599999973,-24.700199999999988,0.4997999999995453
155,2024-02-28 04:00:00,close,neutral,,,-50.0,9499.986399999972,-57.50040000000028,-18.10040000000116
156,2024-02-28 10:00:00,open,short,98.0,,,9499.986199999972,-57.50040000000028,-18.10040000000116
157,2024-02-28 11:00:00,close,neutral,,,-50.0,9449.985999999972,-59.20059999999987,-0.8006000000009763
158,2024-02-28 14:00:00,open,short,97.847,,,9449.985799999971,-59.20059999999987,-0.8006000000009763
159,2024-02-28 15:00:00,close,neutral,,,-50.0,9399.98559999997,-68.20080000000021,0.09919999999905782
160,2024-02-28 18:00:00,open,short,97.867,,,9399.98539999997,-68.20080000000021,0.09919999999905782
161,2024-02-28 19:00:00,close,neutral,,,-50.0,9349.98519999997,-73.50099999999995,2.498999999999149
162,2024-03-01 00:00:00,open,short,97.411,,,9349.98499999997,0.0,0.0
163,2024-03-01 01:00:00,hold,short,,,,9349.98499999997,-18.300199999999272,1.1998000000000455
164,2024-03-01 02:00:00,close,neutral,,,-50.0,9299.98479999997,-50.00039999999858,-12.000400000000454
165,2024-03-01 08:00:00,open,long,97.874,,,9299.984599999969,-50.00039999999858,-12.000400000000454
166,2024-03-01 09:00:00,close,neutral,,,-50.0,9249.984399999968,-52.30059999999819,-2.900599999999635
167,2024-03-01 11:00:00,open,short,97.914,,,9249.984199999968,-52.30059999999819,-2.900599999999635
168,2024-03-01 12:00:00,close,neutral,,,-50.0,9199.983999999968,-54.600799999997804,14.799200000001036
169,2024-03-01 12:00:00,open,short,97.802,,,9199.983799999967,-54.600799999997804,14.799200000001036
170,2024-03-01 13:00:00,close,neutral,,,-50.0,9149.983599999967,-61.90099999999713,15.999000000001082
171,2024-03-01 16:00:00,open,long,97.816,,,9149.983399999966,-61.90099999999713,15.999000000001082
172,2024-03-01 17:00:00,close,neutral,,,-50.0,9099.983199999966,-63.201199999997655,42.09880000000065
173,2024-03-04 04:00:00,open,short,98.019,,,9099.982999999966,0.0,0.0
174,2024-03-04 05:00:00,hold,short,,,,9099.982999999966,-0.2001999999995339,8.199800000000785
175,2024-03-04 06:00:00,hold,short,,,,9099.982999999966,5.599600000001159,20.89960000000174
176,2024-03-04 07:00:00,hold,short,,,,9099.982999999966,9.799400000001317,31.199400000002605
177,2024-03-04 08:00:00,hold,short,,,,9099.982999999966,-0.8007999999981372,40.599200000003435
178,2024-03-04 09:00:00,hold,short,,,,9099.982999999966,-10.70099999999709,40.599000000003436
179,2024-03-04 11:00:00,hold,short,,,,9099.982999999966,-23.101399999996612,56.998600000005005
180,2024-03-04 12:00:00,hold,short,,,,9099.982999999966,-32.901599999996506,59.098400000005086
181,2024-03-04 13:00:00,hold,short,,,,9099.982999999966,-44.401799999995994,53.39820000000629
182,2024-03-04 14:00:00,close,neutral,,,-50.0,9049.982799999965,-55.30199999999546,49.99800000000711
183,2024-03-05 00:00:00,open,short,97.906,,,9049.982599999965,0.0,0.0
184,2024-03-05 01:00:00,hold,short,,,,9049.982599999965,-3.2001999999996475,3.899800000000148
185,2024-03-05 02:00:00,hold,short,,,,9049.982599999965,-6.5003999999983515,9.099600000000818
186,2024-03-05 03:00:00,hold,short,,,,9049.982599999965,-9.500599999998466,17.399400000002082
187,2024-03-05 04:00:00,hold,short,,,,9049.982599999965,-15.500799999997273,30.099200000003037
188,2024-03-05 05:00:00,hold,short,,,,9049.982599999965,-13.900999999996738,39.79900000000388
189,2024-03-05 06:00:00,hold,short,,,,9049.982599999965,-11.40119999999617,47.09880000000463
190,2024-03-05 07:00:00,hold,short,,,,9049.982599999965,-7.501399999996021,71.1986000000046
191,2024-03-05 08:00:00,close,neutral,,,100.0,9149.982399999964,11.398400000004695,115.4984000000058
192,2024-03-05 10:00:00,open,short,97.49,,,9149.982199999964,11.398400000004695,115.4984000000058
193,2024-03-05 11:00:00,close,neutral,,,100.0,9249.981999999964,0.49820000000380915,117.29820000000586
194,2024-03-05 17:00:00,open,long,97.796,,,9249.981799999963,0.49820000000380915,117.29820000000586
195,2024-03-05 18:00:00,close,neutral,,,100.0,9349.981599999963,-15.701999999996804,119.19800000000498
196,2024-03-06 14:00:00,open,long,97.561,,,9349.981399999962,0.0,0.0
197,2024-03-06 15:00:00,hold,long,,,,9349.981399999962,-0.8002000000009777,18.199799999998795
198,2024-03-06 16:00:00,hold,long,,,,9349.981399999962,10.699599999998512,51.79959999999865
199,2024-03-06 17:00:00,close,neutral,,,100.0,9449.981199999962,37.19939999999715,105.59939999999833
200,2024-03-07 15:00:00,open,long,97.66,,,9449.980999999962,0.0,0.0
201,2024-03-07 16:00:00,hold,long,,,,9449.980999999962,-2.200199999999136,29.099799999999682
202,2024-03-07 17:00:00,hold,long,,,,9449.980999999962,19.099600000001672,65.59960000000059
203,2024-03-07 18:00:00,close,neutral,,,100.0,9549.980799999961,46.59940000000224,103.19940000000108
204,2024-03-12 11:00:00,open,long,97.458,,,9549.98059999996,0.0,0.0
205,2024-03-12 12:00:00,hold,long,,,,9549.98059999996,-3.9002000000001478,8.099800000000307
206,2024-03-12 13:00:00,hold,long,,,,9549.98059999996,-3.2003999999996475,19.899599999999808
207,2024-03-12 14:00:00,hold,long,,,,9549.98059999996,-2.5005999999991473,28.89940000000015
208,2024-03-12 15:00:00,hold,long,,,,9549.98059999996,-5.700799999998795,52.59919999999963
209,2024-03-12 16:00:00,hold,long,,,,9549.98059999996,-15.000999999999147,74.999
210,2024-03-12 17:00:00,hold,long,,,,9549.98059999996,-17.30119999999876,86.29879999999994
211,2024-03-12 18:00:00,hold,long,,,,9549.98059999996,-18.40139999999833,97.09860000000035
212,2024-03-12 19:00:00,close,neutral,,,100.0,9649.98039999996,-24.001599999998067,100.69840000000048
213,2024-03-13 20:00:00,open,short,97.892,,,9649.98019999996,0.0,0.0
214,2024-03-13 21:00:00,hold,short,,,,9649.98019999996,-6.6002000000002505,3.09979999999917
215,2024-03-13 22:00:00,hold,short,,,,9649.98019999996,-10.100400000001331,8.699599999998908
216,2024-03-13 23:00:00,hold,short,,,,9649.98019999996,-10.900600000002308,15.799399999998702
217,2024-03-14 00:00:00,hold,short,,,,9649.98019999996,6.9997999999993175,17.39979999999924
218,2024-03-14 01:00:00,hold,short,,,,9649.98019999996,14.19959999999959,33.59959999999843
219,2024-03-14 02:00:00,hold,short,,,,9649.98019999996,16.499399999999202,49.29939999999808
220,2024-03-14 03:00:00,hold,short,,,,9649.98019999996,19.099199999998827,65.49919999999727
221,2024-03-14 04:00:00,hold,short,,,,9649.98019999996,16.998999999998748,78.99899999999636
222,2024-03-14 05:00:00,hold,short,,,,9649.98019999996,14.49879999999818,87.79879999999574
223,2024-03-14 06:00:00,close,neutral,,,100.0,9749.97999999996,20.09859999999792,104.39859999999541
224,2024-03-14 11:00:00,open,long,97.861,,,9749.97979999996,20.09859999999792,104.39859999999541
225,2024-03-14 12:00:00,close,neutral,,,100.0,9849.979599999959,18.99839999999693,111.99839999999475
226,2024-03-15 00:00:00,open,short,97.581,,,9849.979399999958,0.0,0.0
227,2024-03-15 01:00:00,hold,short,,,,9849.979399999958,-0.30020000000001135,6.899800000000261
228,2024-03-15 02:00:00,hold,short,,,,9849.979399999958,0.4996000000009664,15.199600000000103
229,2024-03-15 03:00:00,hold,short,,,,9849.979399999958,-2.6005999999982037,25.199400000000956
230,2024-03-15 04:00:00,hold,short,,,,9849.979399999958,1.999200000002444,38.499200000001935
231,2024-03-15 05:00:00,hold,short,,,,9849.979399999958,6.999000000002159,58.89900000000271
232,2024-03-15 06:00:00,hold,short,,,,9849.979399999958,22.498800000002273,85.19880000000323
233,2024-03-15 07:00:00,close,neutral,,,100.0,9949.979199999958,39.29860000000291,110.19860000000324
234,2024-03-15 10:00:00,open,long,97.431,,,9949.978999999958,39.29860000000291,110.19860000000324
235,2024-03-15 11:00:00,close,neutral,,,100.0,10049.978799999957,36.29840000000279,122.4984000000037
236,2024-03-19 03:00:00,open,short,97.737,,,10049.978599999957,0.0,0.0
237,2024-03-19 04:00:00,hold,short,,,,10049.978599999957,-6.900200000000262,9.69979999999942
238,2024-03-19 05:00:00,hold,short,,,,10049.978599999957,-24.400400000001397,8.599599999998432
239,2024-03-19 06:00:00,close,neutral,,,-50.0,9999.978399999956,-54.90060000000208,26.39939999999816
240,2024-03-19 06:00:00,open,long,97.919,,,9999.978199999956,-54.90060000000208,26.39939999999816
241,2024-03-19 07:00:00,close,neutral,,,-50.0,9949.977999999956,-62.90080000000191,38.49919999999909
242,2024-03-20 10:00:00,open,long,98.913,,,9949.977799999955,0.0,0.0
243,2024-03-20 11:00:00,hold,long,,,,9949.977799999955,-14.60020000000008,-0.0002
244,2024-03-20 12:00:00,hold,long,,,,9949.977799999955,-30.50039999999926,-6.000400000000228
245,2024-03-20 13:00:00,hold,long,,,,9949.977799999955,-43.100599999998316,-10.400599999999923
246,2024-03-20 14:00:00,close,neutral,,,-50.0,9899.977599999955,-52.800799999997736,-11.700799999999024
247,2024-03-20 21:00:00,open,long,99.161,,,9899.977399999954,-52.800799999997736,-11.700799999999024
248,2024-03-20 22:00:00,close,neutral,,,-50.0,9849.977199999954,-51.60099999999769,29.399000000001113
249,2024-03-21 03:00:00,open,long,99.596,,,9849.976999999953,0.0,0.0
250,2024-03-21 04:00:00,hold,long,,,,9849.976999999953,-8.600199999999852,9.39979999999941
251,2024-03-21 05:00:00,hold,long,,,,9849.976999999953,-18.900400000000715,11.599599999998546
252,2024-03-21 06:00:00,hold,long,,,,9849.976999999953,-22.60060000000133,24.899399999998103
253,2024-03-21 07:00:00,hold,long,,,,9849.976999999953,-18.200800000001635,51.599199999997694
254,2024-03-21 08:00:00,hold,long,,,,9849.976999999953,5.59899999999832,93.19899999999737
255,2024-03-21 09:00:00,close,neutral,,,100.0,9949.976799999953,46.4987999999975,145.59879999999745
256,2024-03-21 14:00:00,open,short,99.713,,,9949.976599999953,46.4987999999975,145.59879999999745
257,2024-03-21 15:00:00,close,neutral,,,100.0,10049.976399999952,34.49859999999705,147.89859999999706
258,2024-03-22 04:00:00,open,long,99.406,,,10049.976199999952,0.0,0.0
259,2024-03-22 05:00:00,hold,long,,,,10049.976199999952,-46.10020000000127,0.0997999999990564
260,2024-03-22 06:00:00,close,neutral,,,-50.0,9999.975999999951,-94.80040000000217,-31.000400000001648
261,2024-03-25 00:00:00,open,short,98.574,,,9999.975799999951,0.0,0.0
262,2024-03-25 01:00:00,hold,short,,,,9999.975799999951,-5.800200000000694,2.7997999999991587
263,2024-03-25 02:00:00,hold,short,,,,9999.975799999951,-9.10040000000082,12.899599999999069
264,2024-03-25 03:00:00,hold,short,,,,9999.975799999951,-17.000600000001594,15.699399999998228
265,2024-03-25 05:00:00,close,neutral,,,-50.0,9949.97559999995,-65.90100000000203,8.098999999997467
266,2024-03-28 03:00:00,open,short,98.777,,,9949.97539999995,0.0,0.0
267,2024-03-28 04:00:00,hold,short,,,,9949.97539999995,-7.000199999999318,3.7997999999996703
268,2024-03-28 05:00:00,hold,short,,,,9949.97539999995,-21.000399999999374,6.59960000000025
269,2024-03-28 06:00:00,hold,short,,,,9949.97539999995,-36.50059999999949,1.9994000000010228
270,2024-03-28 07:00:00,hold,short,,,,9949.97539999995,-44.80079999999933,-1.1007999999995683
271,2024-03-28 08:00:00,close,neutral,,,-50.0,9899.97519999995,-50.70099999999908,8.69900000000033
272,2024-03-28 14:00:00,open,short,98.188,,,9899.97499999995,-50.70099999999908,8.69900000000033
273,2024-03-28 15:00:00,close,neutral,,,-50.0,9849.974799999949,-68.40119999999833,10.898800000000888
274,2024-03-28 15:00:00,open,short,98.363,,,9849.974599999949,-68.40119999999833,10.898800000000888
275,2024-03-28 16:00:00,close,neutral,,,-50.0,9799.974399999948,-84.50139999999845,10.998600000001366
276,2024-03-29 00:00:00,open,short,98.603,,,9799.974199999948,0.0,0.0
277,2024-03-29 01:00:00,hold,short,,,,9799.974199999948,-7.500200000000285,1.7998000000000682
278,2024-03-29 02:00:00,hold,short,,,,9799.974199999948,-13.800400000000524,2.0996000000000796
279,2024-03-29 04:00:00,hold,short,,,,9799.974199999948,-27.900800000002477,23.99919999999807
280,2024-03-29 05:00:00,hold,short,,,,9799.974199999948,-29.10100000000252,30.998999999997388
281,2024-03-29 06:00:00,hold,short,,,,9799.974199999948,-27.70120000000294,43.19879999999738
282,2024-03-29 07:00:00,hold,short,,,,9799.974199999948,-21.101400000004112,56.098599999996445
283,2024-03-29 08:00:00,hold,short,,,,9799.974199999948,-18.40160000000401,69.29839999999552
284,2024-03-29 09:00:00,hold,short,,,,9799.974199999948,-13.001800000005225,82.69819999999555
285,2024-03-29 10:00:00,hold,short,,,,9799.974199999948,-6.102000000006385,97.49799999999516
286,2024-03-29 11:00:00,close,neutral,,,100.0,9899.973999999947,-4.402200000006795,109.49779999999419
287,2024-03-29 15:00:00,open,long,98.681,,,9899.973799999947,-4.402200000006795,109.49779999999419
288,2024-03-29 16:00:00,close,neutral,,,100.0,9999.973599999947,-14.402400000006226,116.69759999999445
289,2024-04-01 15:00:00,open,short,98.68,,,9999.973399999946,0.0,0.0
290,2024-04-01 16:00:00,hold,short,,,,9999.973399999946,-7.200199999998852,6.199800000001182
291,2024-04-01 17:00:00,hold,short,,,,9999.973399999946,-2.3003999999981932,31.499600000001195
292,2024-04-01 18:00:00,hold,short,,,,9999.973399999946,15.499400000002955,65.6994000000025
293,2024-04-01 19:00:00,close,neutral,,,100.0,10099.973199999946,43.79920000000308,100.09920000000332
294,2024-04-02 00:00:00,open,long,98.391,,,10099.972999999945,0.0,0.0
295,2024-04-02 01:00:00,hold,long,,,,10099.972999999945,-6.500200000001194,2.6998000000001023
296,2024-04-02 02:00:00,hold,long,,,,10099.972999999945,-15.500400000001534,5.89959999999975
297,2024-04-02 04:00:00,hold,long,,,,10099.972999999945,-31.500800000002613,38.19919999999908
298,2024-04-02 05:00:00,hold,long,,,,10099.972999999945,-24.901000000003783,61.698999999999025
299,2024-04-02 06:00:00,hold,long,,,,10099.972999999945,-18.70120000000402,78.39879999999918
300,2024-04-02 07:00:00,hold,long,,,,10099.972999999945,-17.00140000000443,88.19859999999909
301,2024-04-02 08:00:00,close,neutral,,,100.0,10199.972799999945,-13.701600000004305,101.59839999999912
302,2024-04-03 00:00:00,open,long,98.771,,,10199.972599999945,0.0,0.0
303,2024-04-03 01:00:00,hold,long,,,,10199.972599999945,-5.100200000000194,4.5997999999992265
304,2024-04-03 02:00:00,hold,long,,,,10199.972599999945,-12.800400000000012,5.199599999999249
305,2024-04-03 03:00:00,hold,long,,,,10199.972599999945,-28.000600000000112,-0.20060000000095624
306,2024-04-03 04:00:00,hold,long,,,,10199.972599999945,-47.000799999999884,-7.800800000001718
307,2024-04-03 05:00:00,close,neutral,,,-50.0,10149.972399999944,-59.800999999999895,-11.601000000001388
308,2024-04-04 03:00:00,open,long,99.697,,,10149.972199999944,0.0,0.0
309,2024-04-04 04:00:00,hold,long,,,,10149.972199999944,-0.8002000000009777,10.199800000000387
310,2024-04-04 05:00:00,hold,long,,,,10149.972199999944,-1.300400000001944,19.09960000000025
311,2024-04-04 06:00:00,hold,long,,,,10149.972199999944,4.199399999997317,32.499400000000286
312,2024-04-04 07:00:00,hold,long,,,,10149.972199999944,14.599199999997237,53.49919999999966
313,2024-04-04 08:00:00,hold,long,,,,10149.972199999944,32.098999999996956,80.59899999999973
314,2024-04-04 09:00:00,close,neutral,,,100.0,10249.971999999943,50.99879999999625,106.6987999999993
315,2024-04-04 15:00:00,open,long,100.299,,,10249.971799999943,50.99879999999625,106.6987999999993
316,2024-04-04 16:00:00,close,neutral,,,100.0,10349.971599999943,40.69859999999539,109.49859999999845
317,2024-04-05 03:00:00,open,short,99.442,,,10349.971399999942,0.0,0.0
318,2024-04-05 04:00:00,hold,short,,,,10349.971399999942,-5.200200000000671,20.899799999998898
319,2024-04-05 05:00:00,hold,short,,,,10349.971399999942,5.999599999998806,43.99959999999835
320,2024-04-05 06:00:00,hold,short,,,,10349.971399999942,11.299399999998533,68.99939999999836
321,2024-04-05 07:00:00,hold,short,,,,10349.971399999942,12.899199999997647,79.89919999999782
322,2024-04-05 08:00:00,hold,short,,,,10349.971399999942,16.49899999999636,90.99899999999681
323,2024-04-05 09:00:00,close,neutral,,,100.0,10449.971199999942,14.09879999999627,101.19879999999577
324,2024-04-05 15:00:00,open,short,99.516,,,10449.970999999941,14.09879999999627,101.19879999999577
325,2024-04-05 16:00:00,close,neutral,,,100.0,10549.970799999941,8.998599999997499,114.89859999999581
326,2024-04-08 04:00:00,open,short,99.779,,,10549.97059999994,0.0,0.0
327,2024-04-08 05:00:00,hold,short,,,,10549.97059999994,-18.80020000000024,3.5998000000001364
328,2024-04-08 06:00:00,hold,short,,,,10549.97059999994,-38.40040000000003,10.599599999999453
329,2024-04-08 07:00:00,hold,short,,,,10549.97059999994,-47.10060000000036,10.999399999998522
330,2024-04-08 08:00:00,close,neutral,,,-50.0,10499.97039999994,-61.80080000000092,8.29919999999842
331,2024-04-08 15:00:00,open,long,100.119,,,10499.97019999994,-61.80080000000092,8.29919999999842
332,2024-04-08 16:00:00,close,neutral,,,-50.0,10449.96999999994,-61.40100000000043,28.19899999999823
333,2024-04-09 03:00:00,open,long,100.33,,,10449.969799999939,0.0,0.0
334,2024-04-09 04:00:00,hold,long,,,,10449.969799999939,-6.400199999999296,8.799800000000808
335,2024-04-09 05:00:00,hold,long,,,,10449.969799999939,-12.800399999998591,13.59960000000099
336,2024-04-09 06:00:00,hold,long,,,,10449.969799999939,-24.9005999999981,12.89940000000049
337,2024-04-09 07:00:00,hold,long,,,,10449.969799999939,-33.20079999999794,20.999200000000798
338,2024-04-09 08:00:00,hold,long,,,,10449.969799999939,-32.60099999999792,28.399000000000605
339,2024-04-09 09:00:00,hold,long,,,,10449.969799999939,-43.101199999998315,34.298800000000355
340,2024-04-09 10:00:00,close,neutral,,,-50.0,10399.969599999939,-51.60139999999769,34.7985999999999
341,2024-04-09 17:00:00,open,long,100.434,,,10399.969399999938,-51.60139999999769,34.7985999999999
342,2024-04-09 18:00:00,close,neutral,,,-50.0,10349.969199999938,-58.20159999999794,41.49840000000063
343,2024-04-10 03:00:00,open,long,100.543,,,10349.968999999937,0.0,0.0
344,2024-04-10 04:00:00,hold,long,,,,10349.968999999937,-11.900199999999977,4.099799999999681
345,2024-04-10 05:00:00,hold,long,,,,10349.968999999937,-24.900400000000943,4.79959999999876
346,2024-04-10 06:00:00,hold,long,,,,10349.968999999937,-30.000600000001135,11.099399999997576
347,2024-04-10 07:00:00,hold,long,,,,10349.968999999937,-38.000800000002386,8.699199999997486
348,2024-04-10 08:00:00,hold,long,,,,10349.968999999937,-43.601000000003545,14.198999999996747
349,2024-04-10 09:00:00,hold,long,,,,10349.968999999937,-49.501200000004715,19.098799999995986
350,2024-04-10 10:00:00,close,neutral,,,-50.0,10299.968799999937,-51.80140000000575,25.89859999999577
351,2024-04-11 15:00:00,open,long,100.032,,,10299.968599999936,0.0,0.0
352,2024-04-11 16:00:00,hold,long,,,,10299.968599999936,-2.5001999999991473,16.099800000000137
353,2024-04-11 17:00:00,hold,long,,,,10299.968599999936,-27.100399999998658,18.699600000001183
354,2024-04-11 18:00:00,close,neutral,,,-50.0,10249.968399999936,-51.100599999998146,9.099400000002241
355,2024-04-12 06:00:00,open,short,100.014,,,10249.968199999936,0.0,0.0
356,2024-04-12 07:00:00,hold,short,,,,10249.968199999936,-4.700200000001126,1.7998000000000682
357,2024-04-12 08:00:00,hold,short,,,,10249.968199999936,-6.100400000002127,7.899599999999351
358,2024-04-12 09:00:00,hold,short,,,,10249.968199999936,-4.8006000000030244,29.799399999998762
359,2024-04-12 10:00:00,hold,short,,,,10249.968199999936,5.79919999999643,52.299199999998194
360,2024-04-12 11:00:00,hold,short,,,,10249.968199999936,13.098999999995758,71.4989999999975
361,2024-04-12 12:00:00,close,neutral,,,100.0,10349.967999999935,27.29879999999535,103.99879999999777
362,2024-04-15 15:00:00,open,long,99.899,,,10349.967799999935,0.0,0.0
363,2024-04-15 16:00:00,hold,long,,,,10349.967799999935,-13.2002000000005,11.099800000000421
364,2024-04-15 17:00:00,close,neutral,,,-50.0,10299.967599999934,-56.60040000000025,3.3996000000006026
365,2024-04-17 09:00:00,open,short,99.288,,,10299.967399999934,0.0,0.0
366,2024-04-17 10:00:00,hold,short,,,,10299.967399999934,-2.000200000001023,10.899799999999466
367,2024-04-17 11:00:00,hold,short,,,,10299.967399999934,-9.80040000000132,19.599599999999796
368,2024-04-17 12:00:00,hold,short,,,,10299.967399999934,-16.300600000001094,28.49939999999966
369,2024-04-17 13:00:00,hold,short,,,,10299.967399999934,-25.700800000001923,29.59919999999923
370,2024-04-17 14:00:00,hold,short,,,,10299.967399999934,-37.10100000000236,29.698999999998286
371,2024-04-17 15:00:00,hold,short,,,,10299.967399999934,-49.80120000000331,28.098799999997752
372,2024-04-17 16:00:00,close,neutral,,,-50.0,10249.967199999934,-73.90140000000328,24.99859999999716
373,2024-04-17 20:00:00,open,short,99.31,,,10249.966999999933,-73.90140000000328,24.99859999999716
374,2024-04-17 21:00:00,close,neutral,,,-50.0,10199.966799999933,-90.70160000000249,26.898399999997707
375,2024-04-18 04:00:00,open,long,99.311,,,10199.966599999932,0.0,0.0
376,2024-04-18 05:00:00,hold,long,,,,10199.966599999932,-3.6002000000001364,14.199799999999591
377,2024-04-18 06:00:00,hold,long,,,,10199.966599999932,7.99959999999983,38.699599999998625
378,2024-04-18 07:00:00,hold,long,,,,10199.966599999932,22.999399999998978,62.89939999999765
379,2024-04-18 08:00:00,hold,long,,,,10199.966599999932,31.099199999997865,80.19919999999641
380,2024-04-18 09:00:00,close,neutral,,,100.0,10299.966399999932,42.198999999996865,105.59899999999547
381,2024-04-18 14:00:00,open,long,99.521,,,10299.966199999932,42.198999999996865,105.59899999999547
382,2024-04-18 15:00:00,close,neutral,,,100.0,10399.965999999931,25.99879999999625,107.69879999999554
