,time,Actual Movement,Predictions,Predicted,close,close_price_next
0,2019-08-21,-1,0.5184089,1,1.10834,1.10805
1,2019-08-22,1,0.5185567,1,1.10805,1.11449
2,2019-08-23,-1,0.49432462,-1,1.11449,1.1099
3,2019-08-26,-1,0.52062523,1,1.1099,1.10891
4,2019-08-27,-1,0.51680213,1,1.10891,1.10767
5,2019-08-28,-1,0.5180945,1,1.10767,1.10566
6,2019-08-29,-1,0.5195443,1,1.10566,1.09935
7,2019-08-30,-1,0.5225377,1,1.09935,1.09688
8,2019-09-02,1,0.5225144,1,1.09688,1.09746
9,2019-09-03,1,0.496989,1,1.09746,1.10338
10,2019-09-04,1,0.49563906,1,1.10338,1.10343
11,2019-09-05,-1,0.49562302,1,1.10343,1.10244
12,2019-09-06,1,0.517091,1,1.10244,1.10455
13,2019-09-09,-1,0.49590594,1,1.10455,1.1042
14,2019-09-10,-1,0.51488954,1,1.1042,1.10097
15,2019-09-11,1,0.516295,1,1.10097,1.10634
16,2019-09-12,1,0.49492508,-1,1.10634,1.10758
17,2019-09-13,-1,0.49478945,-1,1.10758,1.10022
18,2019-09-16,1,0.51563925,1,1.10022,1.10704
19,2019-09-17,-1,0.49542573,1,1.10704,1.10278
20,2019-09-18,1,0.5146902,1,1.10278,1.10402
21,2019-09-19,-1,0.49543598,1,1.10402,1.10192
22,2019-09-20,-1,0.51484025,1,1.10192,1.09931
23,2019-09-23,1,0.51520175,1,1.09931,1.1018
24,2019-09-24,-1,0.49595004,1,1.1018,1.09425
25,2019-09-25,-1,0.5196308,1,1.09425,1.09199
26,2019-09-26,1,0.51974446,1,1.09199,1.09405
27,2019-09-27,-1,0.49559954,1,1.09405,1.0899
28,2019-09-30,1,0.5239315,1,1.0899,1.09333
29,2019-10-01,1,0.4963126,1,1.09333,1.09579
30,2019-10-02,1,0.49592018,1,1.09579,1.09639
31,2019-10-03,1,0.4956147,1,1.09639,1.09763
32,2019-10-04,-1,0.4951513,1,1.09763,1.09699
33,2019-10-07,-1,0.5177254,1,1.09699,1.09559
34,2019-10-08,1,0.5180801,1,1.09559,1.09677
35,2019-10-09,1,0.49573416,1,1.09677,1.10047
36,2019-10-10,1,0.4950023,1,1.10047,1.10352
37,2019-10-11,-1,0.49458042,-1,1.10352,1.10254
38,2019-10-14,1,0.5122797,1,1.10254,1.10333
39,2019-10-15,1,0.495311,1,1.10333,1.10729
40,2019-10-16,1,0.4947088,-1,1.10729,1.11253
41,2019-10-17,1,0.4942401,-1,1.11253,1.11699
42,2019-10-18,-1,0.4938503,-1,1.11699,1.11486
43,2019-10-21,-1,0.5100324,1,1.11486,1.11254
44,2019-10-22,1,0.5102232,1,1.11254,1.11301
45,2019-10-23,-1,0.49501374,1,1.11301,1.11037
46,2019-10-24,-1,0.5125946,1,1.11037,1.10793
47,2019-10-25,1,0.51412445,1,1.10793,1.11003
48,2019-10-28,1,0.4959126,1,1.11003,1.11117
49,2019-10-29,1,0.4956037,1,1.11117,1.11529
50,2019-10-30,-1,0.49487126,-1,1.11529,1.11515
51,2019-10-31,1,0.5113353,1,1.11515,1.11648
52,2019-11-01,-1,0.49437878,-1,1.11648,1.11303
53,2019-11-04,-1,0.5135686,1,1.11303,1.10735
54,2019-11-05,-1,0.5161377,1,1.10735,1.10662
55,2019-11-06,-1,0.5191609,1,1.10662,1.10504
56,2019-11-07,-1,0.52528095,1,1.10504,1.10188
57,2019-11-08,1,0.5284275,1,1.10188,1.10328
58,2019-11-11,-1,0.49670544,1,1.10328,1.10073
59,2019-11-12,-1,0.5278112,1,1.10073,1.10063
60,2019-11-13,1,0.5269051,1,1.10063,1.10193
61,2019-11-14,1,0.49610597,1,1.10193,1.10519
62,2019-11-15,1,0.49512345,1,1.10519,1.10722
63,2019-11-18,1,0.49579522,1,1.10722,1.10769
64,2019-11-19,-1,0.49550453,1,1.10769,1.10713
65,2019-11-20,-1,0.5183351,1,1.10713,1.10587
66,2019-11-21,-1,0.51874214,1,1.10587,1.1019
67,2019-11-22,-1,0.52223533,1,1.1019,1.1011
68,2019-11-25,1,0.5215995,1,1.1011,1.10229
69,2019-11-26,-1,0.49642363,1,1.10229,1.09983
70,2019-11-27,1,0.52446854,1,1.09983,1.10081
71,2019-11-28,1,0.4959987,1,1.10081,1.10208
72,2019-11-29,1,0.4954709,1,1.10208,1.10787
73,2019-12-02,1,0.4955483,1,1.10787,1.10802
74,2019-12-03,-1,0.49550825,1,1.10802,1.10759
75,2019-12-04,1,0.51437384,1,1.10759,1.11039
76,2019-12-05,-1,0.49468285,-1,1.11039,1.10595
77,2019-12-06,1,0.5157475,1,1.10595,1.10646
78,2019-12-09,1,0.49621877,1,1.10646,1.10956
79,2019-12-10,1,0.4955497,1,1.10956,1.11287
80,2019-12-11,1,0.49504718,1,1.11287,1.11331
81,2019-12-12,-1,0.4948508,-1,1.11331,1.11173
82,2019-12-13,1,0.51322716,1,1.11173,1.11415
83,2019-12-16,1,0.49542293,1,1.11415,1.11491
84,2019-12-17,-1,0.4951844,1,1.11491,1.11149
85,2019-12-18,1,0.51593703,1,1.11149,1.11181
86,2019-12-19,-1,0.49545565,1,1.11181,1.10751
87,2019-12-20,1,0.5204343,1,1.10751,1.10894
88,2019-12-23,-1,0.4964199,1,1.10894,1.10851
89,2019-12-24,1,0.5224387,1,1.10851,1.1096
90,2019-12-26,1,0.49557137,1,1.1096,1.1176
91,2019-12-27,1,0.4943104,-1,1.1176,1.11995
92,2019-12-30,1,0.4952673,1,1.11995,1.12171
93,2019-12-31,-1,0.494839,-1,1.12171,1.11715
94,2020-01-02,-1,0.5063128,1,1.11715,1.11559
95,2020-01-03,1,0.50592124,1,1.11559,1.11977
96,2020-01-06,-1,0.49484083,-1,1.11977,1.11471
97,2020-01-07,-1,0.5090998,1,1.11471,1.11049
98,2020-01-08,1,0.5094393,1,1.11049,1.11056
99,2020-01-09,1,0.49510235,1,1.11056,1.11213
100,2020-01-10,1,0.49452105,-1,1.11213,1.11345
101,2020-01-13,-1,0.49514967,1,1.11345,1.11265
102,2020-01-14,1,0.5095236,1,1.11265,1.11499
103,2020-01-15,-1,0.49455416,-1,1.11499,1.11358
104,2020-01-16,-1,0.50866383,1,1.11358,1.10895
105,2020-01-17,1,0.5110818,1,1.10895,1.10968
106,2020-01-20,-1,0.4953808,1,1.10968,1.10812
107,2020-01-21,1,0.5116676,1,1.10812,1.10945
108,2020-01-22,-1,0.49484497,-1,1.10945,1.10587
109,2020-01-23,-1,0.5134143,1,1.10587,1.1026
110,2020-01-24,-1,0.5140323,1,1.1026,1.10192
111,2020-01-27,1,0.51329947,1,1.10192,1.10221
112,2020-01-28,-1,0.49579832,1,1.10221,1.10084
113,2020-01-29,1,0.5138806,1,1.10084,1.10316
114,2020-01-30,1,0.49492007,-1,1.10316,1.10948
115,2020-01-31,-1,0.49373606,-1,1.10948,1.10607
116,2020-02-03,-1,0.51064295,1,1.10607,1.10447
117,2020-02-04,-1,0.5100378,1,1.10447,1.0999
118,2020-02-05,-1,0.5116031,1,1.0999,1.09807
119,2020-02-06,-1,0.5123221,1,1.09807,1.09429
120,2020-02-07,-1,0.51571673,1,1.09429,1.09106
121,2020-02-10,1,0.5153658,1,1.09106,1.0917
122,2020-02-11,-1,0.49603608,1,1.0917,1.08716
123,2020-02-12,-1,0.51714665,1,1.08716,1.08398
124,2020-02-13,-1,0.51683664,1,1.08398,1.08306
125,2020-02-14,1,0.51785547,1,1.08306,1.08351
126,2020-02-17,-1,0.49665952,1,1.08351,1.07927
127,2020-02-18,1,0.51831543,1,1.07927,1.08069
128,2020-02-19,-1,0.49607944,1,1.08069,1.07832
129,2020-02-20,1,0.5180515,1,1.07832,1.08476
130,2020-02-21,1,0.49460194,-1,1.08476,1.08522
131,2020-02-24,1,0.4957454,1,1.08522,1.08815
132,2020-02-25,-1,0.4952016,1,1.08815,1.08784
133,2020-02-26,1,0.510116,1,1.08784,1.09998
134,2020-02-27,1,0.49395654,-1,1.09998,1.10293
135,2020-02-28,1,0.49402386,-1,1.10293,1.11313
136,2020-03-02,1,0.49466544,-1,1.11313,1.11691
137,2020-03-03,-1,0.49456024,-1,1.11691,1.11335
138,2020-03-04,1,0.5063357,1,1.11335,1.12424
139,2020-03-05,1,0.49382877,-1,1.12424,1.12902
140,2020-03-06,1,0.49360526,-1,1.12902,1.14412
141,2020-03-09,-1,0.4940874,-1,1.14412,1.12828
142,2020-03-10,-1,0.50961334,1,1.12828,1.12718
143,2020-03-11,-1,0.50701755,1,1.12718,1.11732
144,2020-03-12,-1,0.5098899,1,1.11732,1.11025
145,2020-03-13,1,0.51075596,1,1.11025,1.11698
146,2020-03-16,-1,0.4953023,1,1.11698,1.09964
147,2020-03-17,-1,0.5154055,1,1.09964,1.09099
148,2020-03-18,-1,0.51376265,1,1.09099,1.06864
149,2020-03-19,1,0.5205332,1,1.06864,1.06935
150,2020-03-20,1,0.4956055,1,1.06935,1.07259
151,2020-03-23,1,0.4966731,1,1.07259,1.07965
152,2020-03-24,1,0.4960299,1,1.07965,1.08844
153,2020-03-25,1,0.49548814,1,1.08844,1.10335
154,2020-03-26,1,0.4945683,-1,1.10335,1.11431
155,2020-03-27,-1,0.49414933,-1,1.11431,1.10413
156,2020-03-30,-1,0.51160187,1,1.10413,1.10348
157,2020-03-31,-1,0.5093415,1,1.10348,1.09658
158,2020-04-01,-1,0.5114111,1,1.09658,1.08592
159,2020-04-02,-1,0.51290584,1,1.08592,1.08127
160,2020-04-03,-1,0.51367116,1,1.08127,1.07909
161,2020-04-06,1,0.5144348,1,1.07909,1.08906
162,2020-04-07,-1,0.49565694,1,1.08906,1.0854
163,2020-04-08,1,0.51453775,1,1.0854,1.09326
164,2020-04-09,1,0.49497426,1,1.09326,1.09345
165,2020-04-10,-1,0.4950324,1,1.09345,1.09091
166,2020-04-13,1,0.51159436,1,1.09091,1.0982
167,2020-04-14,-1,0.49520838,1,1.0982,1.09126
168,2020-04-15,-1,0.5130198,1,1.09126,1.08387
169,2020-04-16,1,0.5136864,1,1.08387,1.08739
170,2020-04-17,-1,0.4949488,-1,1.08739,1.08641
171,2020-04-20,-1,0.51413,1,1.08641,1.08564
172,2020-04-21,-1,0.51361316,1,1.08564,1.08209
173,2020-04-22,-1,0.51484096,1,1.08209,1.07764
174,2020-04-23,1,0.5162616,1,1.07764,1.08244
175,2020-04-24,1,0.4950868,1,1.08244,1.08274
176,2020-04-27,-1,0.4962312,1,1.08274,1.08186
177,2020-04-28,1,0.51423323,1,1.08186,1.08778
178,2020-04-29,1,0.4951602,1,1.08778,1.09545
179,2020-04-30,1,0.49457014,-1,1.09545,1.09802
180,2020-05-01,-1,0.49444905,-1,1.09802,1.0899
181,2020-05-04,-1,0.5120022,1,1.0899,1.08342
182,2020-05-05,-1,0.5121565,1,1.08342,1.07961
183,2020-05-06,1,0.51350284,1,1.07961,1.08335
184,2020-05-07,1,0.49550253,1,1.08335,1.08393
185,2020-05-08,-1,0.49540174,1,1.08393,1.08151
186,2020-05-11,1,0.5158631,1,1.08151,1.0848
187,2020-05-12,-1,0.49581143,1,1.0848,1.08189
188,2020-05-13,-1,0.51580304,1,1.08189,1.08022
189,2020-05-14,1,0.51597655,1,1.08022,1.08187
190,2020-05-15,1,0.49523586,1,1.08187,1.09167
191,2020-05-18,1,0.4951633,1,1.09167,1.0924
192,2020-05-19,1,0.49531084,1,1.0924,1.09787
193,2020-05-20,-1,0.49467012,-1,1.09787,1.09495
194,2020-05-21,-1,0.51008874,1,1.09495,1.09025
195,2020-05-22,-1,0.5106883,1,1.09025,1.08958
196,2020-05-25,1,0.5113454,1,1.08958,1.09831
197,2020-05-26,1,0.4951569,1,1.09831,1.10082
198,2020-05-27,1,0.49509802,1,1.10082,1.10797
199,2020-05-28,1,0.4944208,-1,1.10797,1.11078
200,2020-05-29,1,0.49411267,-1,1.11078,1.1133
201,2020-06-01,1,0.4949651,1,1.1133,1.11679
202,2020-06-02,1,0.4945664,-1,1.11679,1.12324
203,2020-06-03,1,0.49411103,-1,1.12324,1.13346
204,2020-06-04,-1,0.49363708,-1,1.13346,1.12879
205,2020-06-05,1,0.50681645,1,1.12879,1.1292
206,2020-06-08,1,0.49472344,-1,1.1292,1.13375
207,2020-06-09,1,0.49430168,-1,1.13375,1.13747
208,2020-06-10,-1,0.49399155,-1,1.13747,1.12997
209,2020-06-11,-1,0.50908226,1,1.12997,1.12607
210,2020-06-12,1,0.50901663,1,1.12607,1.13213
211,2020-06-15,-1,0.49500918,1,1.13213,1.12613
212,2020-06-16,-1,0.5115564,1,1.12613,1.12429
213,2020-06-17,-1,0.51071036,1,1.12429,1.12058
214,2020-06-18,-1,0.5128185,1,1.12058,1.11769
215,2020-06-19,1,0.51448107,1,1.11769,1.12652
216,2020-06-22,1,0.49496463,1,1.12652,1.13067
217,2020-06-23,-1,0.49491563,-1,1.13067,1.12486
218,2020-06-24,-1,0.51423055,1,1.12486,1.12178
219,2020-06-25,1,0.5133982,1,1.12178,1.12182
220,2020-06-26,1,0.49477848,-1,1.12182,1.12418
221,2020-06-29,-1,0.4952693,1,1.12418,1.12342
222,2020-06-30,1,0.51560205,1,1.12342,1.12515
223,2020-07-01,-1,0.49502906,1,1.12515,1.12397
224,2020-07-02,1,0.51486295,1,1.12397,1.12475
225,2020-07-03,1,0.49464038,-1,1.12475,1.13082
226,2020-07-06,-1,0.494716,-1,1.13082,1.12725
227,2020-07-07,1,0.51215494,1,1.12725,1.13308
228,2020-07-08,-1,0.49442416,-1,1.13308,1.12833
229,2020-07-09,1,0.5111428,1,1.12833,1.12969
230,2020-07-10,1,0.4944596,-1,1.12969,1.13417
231,2020-07-13,1,0.49491748,-1,1.13417,1.13977
232,2020-07-14,1,0.49448892,-1,1.13977,1.1412
233,2020-07-15,-1,0.4942912,-1,1.1412,1.13832
234,2020-07-16,1,0.50787586,1,1.13832,1.14262
235,2020-07-17,1,0.4937612,-1,1.14262,1.14481
236,2020-07-20,1,0.49469247,-1,1.14481,1.15225
237,2020-07-21,1,0.49406016,-1,1.15225,1.15693
238,2020-07-22,1,0.493782,-1,1.15693,1.15962
239,2020-07-23,1,0.49343604,-1,1.15962,1.16552
240,2020-07-24,1,0.49298596,-1,1.16552,1.1751
241,2020-07-27,-1,0.493673,-1,1.1751,1.17168
242,2020-07-28,1,0.5066378,1,1.17168,1.17924
243,2020-07-29,1,0.49329594,-1,1.17924,1.18479
244,2020-07-30,-1,0.4931201,-1,1.18479,1.17721
245,2020-07-31,-1,0.5060241,1,1.17721,1.17651
246,2020-08-03,1,0.5078764,1,1.17651,1.18016
247,2020-08-04,1,0.49404237,-1,1.18016,1.18647
248,2020-08-05,1,0.49357656,-1,1.18647,1.18775
249,2020-08-06,-1,0.493389,-1,1.18775,1.17859
250,2020-08-07,-1,0.50820637,1,1.17859,1.1737
251,2020-08-10,1,0.5095097,1,1.1737,1.17398
252,2020-08-11,1,0.49487212,-1,1.17398,1.17871
253,2020-08-12,1,0.4942487,-1,1.17871,1.1815
254,2020-08-13,1,0.4938997,-1,1.1815,1.18413
255,2020-08-14,1,0.493474,-1,1.18413,1.18721
256,2020-08-17,1,0.49401373,-1,1.18721,1.1935
257,2020-08-18,-1,0.4935143,-1,1.1935,1.184
258,2020-08-19,1,0.5090841,1,1.184,1.18611
259,2020-08-20,-1,0.4938009,-1,1.18611,1.17968
260,2020-08-21,-1,0.51007074,1,1.17968,1.17877
261,2020-08-24,1,0.51037127,1,1.17877,1.18348
262,2020-08-25,-1,0.4942791,-1,1.18348,1.18299
263,2020-08-26,-1,0.51026654,1,1.18299,1.18219
264,2020-08-27,1,0.5100841,1,1.18219,1.19059
265,2020-08-28,1,0.49318585,-1,1.19059,1.19374
266,2020-08-31,-1,0.49394634,-1,1.19374,1.19123
267,2020-09-01,-1,0.5084039,1,1.19123,1.18551
268,2020-09-02,-1,0.50912154,1,1.18551,1.18523
269,2020-09-03,-1,0.5090551,1,1.18523,1.18395
270,2020-09-04,-1,0.5112759,1,1.18395,1.18133
271,2020-09-07,-1,0.5121898,1,1.18133,1.17743
272,2020-09-08,1,0.5141521,1,1.17743,1.18045
273,2020-09-09,1,0.4946365,-1,1.18045,1.1815
274,2020-09-10,1,0.49443534,-1,1.1815,1.18462
275,2020-09-11,1,0.49370238,-1,1.18462,1.1863
276,2020-09-14,-1,0.49424425,-1,1.1863,1.18461
277,2020-09-15,-1,0.5106584,1,1.18461,1.18153
278,2020-09-16,1,0.51143926,1,1.18153,1.18467
279,2020-09-17,-1,0.49398622,-1,1.18467,1.18417
280,2020-09-18,-1,0.51105934,1,1.18417,1.17732
281,2020-09-21,-1,0.5131055,1,1.17732,1.17093
282,2020-09-22,-1,0.5137711,1,1.17093,1.16609
283,2020-09-23,1,0.515494,1,1.16609,1.16674
284,2020-09-24,-1,0.49540105,1,1.16674,1.16296
285,2020-09-25,1,0.5185095,1,1.16296,1.16663
286,2020-09-28,1,0.4953537,1,1.16663,1.17424
287,2020-09-29,-1,0.49450928,-1,1.17424,1.17214
288,2020-09-30,1,0.5133031,1,1.17214,1.17455
289,2020-10-01,-1,0.4942566,-1,1.17455,1.17167
290,2020-10-02,1,0.51269656,1,1.17167,1.17858
291,2020-10-05,-1,0.49437672,-1,1.17858,1.1732
292,2020-10-06,1,0.5115559,1,1.1732,1.17644
293,2020-10-07,-1,0.49435022,-1,1.17644,1.17586
294,2020-10-08,1,0.509688,1,1.17586,1.18293
295,2020-10-09,-1,0.49350774,-1,1.18293,1.18135
296,2020-10-12,-1,0.5089776,1,1.18135,1.17462
297,2020-10-13,1,0.50944704,1,1.17462,1.17468
298,2020-10-14,-1,0.49479383,-1,1.17468,1.17077
299,2020-10-15,1,0.51029295,1,1.17077,1.17163
300,2020-10-16,1,0.49459267,-1,1.17163,1.1771
301,2020-10-19,1,0.49463618,-1,1.1771,1.18237
302,2020-10-20,1,0.49416715,-1,1.18237,1.18588
303,2020-10-21,-1,0.49384934,-1,1.18588,1.18187
304,2020-10-22,1,0.50767523,1,1.18187,1.186
305,2020-10-23,-1,0.49343476,-1,1.186,1.18095
306,2020-10-26,-1,0.50942236,1,1.18095,1.17977
307,2020-10-27,-1,0.5086397,1,1.17977,1.17469
308,2020-10-28,-1,0.5103538,1,1.17469,1.16722
309,2020-10-29,-1,0.51303107,1,1.16722,1.16466
310,2020-10-30,-1,0.5150412,1,1.16466,1.16393
311,2020-11-02,1,0.51811135,1,1.16393,1.17207
312,2020-11-03,1,0.49474055,-1,1.17207,1.1725
313,2020-11-04,1,0.49493304,-1,1.1725,1.183
314,2020-11-05,1,0.49366975,-1,1.183,1.18751
315,2020-11-06,-1,0.4935171,-1,1.18751,1.1812
316,2020-11-09,1,0.5102203,1,1.1812,1.18167
317,2020-11-10,-1,0.49448806,-1,1.18167,1.17791
318,2020-11-11,1,0.50940275,1,1.17791,1.18053
319,2020-11-12,1,0.49416295,-1,1.18053,1.1833
320,2020-11-13,1,0.49377516,-1,1.1833,1.18557
321,2020-11-16,1,0.4944294,-1,1.18557,1.18617
322,2020-11-17,-1,0.49420035,-1,1.18617,1.1855
323,2020-11-18,1,0.5075104,1,1.1855,1.18764
324,2020-11-19,-1,0.49360985,-1,1.18764,1.18594
325,2020-11-20,-1,0.50658494,1,1.18594,1.18409
326,2020-11-23,1,0.50901663,1,1.18409,1.18906
327,2020-11-24,1,0.49404165,-1,1.18906,1.19128
328,2020-11-25,-1,0.4937798,-1,1.19128,1.19111
329,2020-11-26,1,0.50552976,1,1.19111,1.19606
330,2020-11-27,-1,0.49285612,-1,1.19606,1.19252
331,2020-11-30,1,0.50807416,1,1.19252,1.20691
332,2020-12-01,1,0.49328986,-1,1.20691,1.21173
333,2020-12-02,1,0.49329397,-1,1.21173,1.21468
334,2020-12-03,-1,0.49284053,-1,1.21468,1.21205
335,2020-12-04,-1,0.5042752,1,1.21205,1.21087
336,2020-12-07,-1,0.50672424,1,1.21087,1.21057
337,2020-12-08,-1,0.5066124,1,1.21057,1.20818
338,2020-12-09,1,0.50752026,1,1.20818,1.2142
339,2020-12-10,-1,0.49311197,-1,1.2142,1.21131
340,2020-12-11,1,0.5066297,1,1.21131,1.21451
341,2020-12-14,1,0.49390203,-1,1.21451,1.21556
342,2020-12-15,1,0.49370158,-1,1.21556,1.22001
343,2020-12-16,1,0.49312776,-1,1.22001,1.22708
344,2020-12-17,-1,0.49261576,-1,1.22708,1.22541
345,2020-12-18,-1,0.50372636,1,1.22541,1.22348
346,2020-12-21,-1,0.50634766,1,1.22348,1.21648
347,2020-12-22,1,0.50816375,1,1.21648,1.2182
348,2020-12-23,1,0.4938229,-1,1.2182,1.21845
349,2020-12-24,1,0.4937042,-1,1.21845,1.21959
350,2020-12-25,1,0.4932844,-1,1.21959,1.22135
351,2020-12-28,1,0.49390996,-1,1.22135,1.22511
352,2020-12-29,1,0.4933567,-1,1.22511,1.22994
353,2020-12-30,-1,0.492877,-1,1.22994,1.22178
354,2020-12-31,1,0.5073472,1,1.22178,1.22506
355,2021-01-04,1,0.49315512,-1,1.22506,1.22963
356,2021-01-05,1,0.49280745,-1,1.22963,1.23269
357,2021-01-06,-1,0.49259597,-1,1.23269,1.22696
358,2021-01-07,-1,0.502915,1,1.22696,1.22219
359,2021-01-08,-1,0.5027997,1,1.22219,1.21511
360,2021-01-11,1,0.5047716,1,1.21511,1.22072
361,2021-01-12,-1,0.49299768,-1,1.22072,1.21561
362,2021-01-13,-1,0.5048533,1,1.21561,1.21541
363,2021-01-14,-1,0.50404346,1,1.21541,1.20771
364,2021-01-15,1,0.50575936,1,1.20771,1.20782
365,2021-01-18,1,0.49376053,-1,1.20782,1.21282
366,2021-01-19,-1,0.4930611,-1,1.21282,1.21056
367,2021-01-20,1,0.50503224,1,1.21056,1.21697
368,2021-01-21,1,0.4924318,-1,1.21697,1.21707
369,2021-01-22,-1,0.4925115,-1,1.21707,1.21416
370,2021-01-25,1,0.5039034,1,1.21416,1.21617
371,2021-01-26,-1,0.49302226,-1,1.21617,1.21115
372,2021-01-27,1,0.50430095,1,1.21115,1.21217
373,2021-01-28,1,0.49305588,-1,1.21217,1.21356
374,2021-01-29,-1,0.492781,-1,1.21356,1.206
375,2021-02-01,-1,0.5062335,1,1.206,1.20432
376,2021-02-02,-1,0.5055071,1,1.20432,1.20352
377,2021-02-03,-1,0.5059503,1,1.20352,1.19623
378,2021-02-04,1,0.50726473,1,1.19623,1.20495
379,2021-02-05,1,0.49259725,-1,1.20495,1.20503
380,2021-02-08,1,0.49374843,-1,1.20503,1.21201
381,2021-02-09,-1,0.49302167,-1,1.21201,1.21177
382,2021-02-10,1,0.50316316,1,1.21177,1.21324
383,2021-02-11,-1,0.49290627,-1,1.21324,1.21191
384,2021-02-12,1,0.5026485,1,1.21191,1.21267
385,2021-02-15,-1,0.49354845,-1,1.21267,1.21055
386,2021-02-16,-1,0.50333786,1,1.21055,1.20418
387,2021-02-17,1,0.5039436,1,1.20418,1.2092
388,2021-02-18,1,0.49320024,-1,1.2092,1.21176
389,2021-02-19,1,0.49285704,-1,1.21176,1.21562
390,2021-02-22,-1,0.4933102,-1,1.21562,1.21484
391,2021-02-23,1,0.5029632,1,1.21484,1.21701
392,2021-02-24,1,0.4930802,-1,1.21701,1.21733
393,2021-02-25,-1,0.4928027,-1,1.21733,1.20726
394,2021-02-26,-1,0.50337243,1,1.20726,1.20486
395,2021-03-01,1,0.5047088,1,1.20486,1.20894
396,2021-03-02,-1,0.49334705,-1,1.20894,1.20627
397,2021-03-03,-1,0.5054416,1,1.20627,1.19728
398,2021-03-04,-1,0.5066911,1,1.19728,1.19123
399,2021-03-05,-1,0.5066283,1,1.19123,1.18451
400,2021-03-08,1,0.5087183,1,1.18451,1.18996
401,2021-03-09,1,0.49370402,-1,1.18996,1.19281
402,2021-03-10,1,0.49361256,-1,1.19281,1.19855
403,2021-03-11,-1,0.49298123,-1,1.19855,1.19521
404,2021-03-12,-1,0.50538135,1,1.19521,1.19307
405,2021-03-15,-1,0.50547373,1,1.19307,1.19028
406,2021-03-16,1,0.5059749,1,1.19028,1.19807
407,2021-03-17,-1,0.4929652,-1,1.19807,1.19175
408,2021-03-18,-1,0.50567913,1,1.19175,1.19046
409,2021-03-19,1,0.50446415,1,1.19046,1.19347
410,2021-03-22,-1,0.4937304,-1,1.19347,1.18486
411,2021-03-23,-1,0.50703436,1,1.18486,1.18108
412,2021-03-24,-1,0.50648767,1,1.18108,1.1766
413,2021-03-25,1,0.50744915,1,1.1766,1.17935
414,2021-03-26,-1,0.49342716,-1,1.17935,1.17648
415,2021-03-29,-1,0.5083415,1,1.17648,1.17177
416,2021-03-30,1,0.5084554,1,1.17177,1.17293
417,2021-03-31,1,0.494015,-1,1.17293,1.17769
418,2021-04-01,-1,0.49349838,-1,1.17769,1.17614
419,2021-04-02,1,0.5073763,1,1.17614,1.18121
420,2021-04-05,1,0.4937039,-1,1.18121,1.18743
421,2021-04-06,-1,0.49330616,-1,1.18743,1.18701
422,2021-04-07,1,0.50372154,1,1.18701,1.19159
423,2021-04-08,-1,0.49292699,-1,1.19159,1.19009
424,2021-04-09,1,0.5030115,1,1.19009,1.19103
425,2021-04-12,1,0.4938426,-1,1.19103,1.19492
426,2021-04-13,1,0.49342337,-1,1.19492,1.19808
427,2021-04-14,-1,0.49313298,-1,1.19808,1.1966
428,2021-04-15,1,0.50260586,1,1.1966,1.19812
429,2021-04-16,1,0.4926764,-1,1.19812,1.20355
430,2021-04-19,1,0.49320394,-1,1.20355,1.20358
431,2021-04-20,-1,0.49310037,-1,1.20358,1.20348
432,2021-04-21,-1,0.5022938,1,1.20348,1.20158
433,2021-04-22,1,0.50265974,1,1.20158,1.20976
434,2021-04-23,-1,0.4921119,-1,1.20976,1.20921
435,2021-04-26,-1,0.50285876,1,1.20921,1.20909
436,2021-04-27,1,0.5025296,1,1.20909,1.21238
437,2021-04-28,-1,0.49255723,-1,1.21238,1.21207
438,2021-04-29,-1,0.5018903,1,1.21207,1.20209
439,2021-04-30,1,0.50346625,1,1.20209,1.20624
440,2021-05-03,-1,0.49361676,-1,1.20624,1.20152
441,2021-05-04,-1,0.50549495,1,1.20152,1.20042
442,2021-05-05,1,0.505091,1,1.20042,1.20633
443,2021-05-06,1,0.49289548,-1,1.20633,1.2162
444,2021-05-07,-1,0.49220902,-1,1.2162,1.21281
445,2021-05-10,1,0.50398695,1,1.21281,1.21481
446,2021-05-11,-1,0.49317622,-1,1.21481,1.20731
447,2021-05-12,1,0.5040642,1,1.20731,1.20795
448,2021-05-13,1,0.49327976,-1,1.20795,1.21445
449,2021-05-14,1,0.492464,-1,1.21445,1.21519
450,2021-05-17,1,0.49337125,-1,1.21519,1.22227
451,2021-05-18,-1,0.49278384,-1,1.22227,1.21759
452,2021-05-19,1,0.50331926,1,1.21759,1.22259
453,2021-05-20,-1,0.4926223,-1,1.22259,1.21806
454,2021-05-21,1,0.502908,1,1.21806,1.22158
455,2021-05-24,1,0.4933281,-1,1.22158,1.22493
456,2021-05-25,-1,0.49305534,-1,1.22493,1.21924
457,2021-05-26,1,0.50342846,1,1.21924,1.2193
458,2021-05-27,-1,0.49314514,-1,1.2193,1.21895
459,2021-05-28,1,0.5029797,1,1.21895,1.22256
460,2021-05-31,-1,0.4931992,-1,1.22256,1.2212
461,2021-06-01,-1,0.5036549,1,1.2212,1.22098
462,2021-06-02,-1,0.50334555,1,1.22098,1.21279
463,2021-06-03,1,0.50505227,1,1.21279,1.21662
464,2021-06-04,1,0.4928319,-1,1.21662,1.21904
465,2021-06-07,-1,0.4932798,-1,1.21904,1.21729
466,2021-06-08,1,0.50526506,1,1.21729,1.21792
467,2021-06-09,-1,0.49322632,-1,1.21792,1.21762
468,2021-06-10,-1,0.5040966,1,1.21762,1.21063
469,2021-06-11,1,0.5058718,1,1.21063,1.21186
470,2021-06-14,1,0.49373814,-1,1.21186,1.21263
471,2021-06-15,-1,0.49361384,-1,1.21263,1.19973
472,2021-06-16,-1,0.50919497,1,1.19973,1.19067
473,2021-06-17,-1,0.5088425,1,1.19067,1.18597
474,2021-06-18,1,0.5093914,1,1.18597,1.19184
475,2021-06-21,1,0.4942301,-1,1.19184,1.1941
476,2021-06-22,-1,0.49416935,-1,1.1941,1.19277
477,2021-06-23,1,0.5075064,1,1.19277,1.19313
478,2021-06-24,1,0.4938618,-1,1.19313,1.19373
479,2021-06-25,-1,0.49357435,-1,1.19373,1.1923
480,2021-06-28,-1,0.50785685,1,1.1923,1.18971
481,2021-06-29,-1,0.5080362,1,1.18971,1.186
482,2021-06-30,-1,0.5084859,1,1.186,1.18492
483,2021-07-01,1,0.5091206,1,1.18492,1.18646
484,2021-07-02,-1,0.49395752,-1,1.18646,1.18619
485,2021-07-05,-1,0.5095305,1,1.18619,1.18221
486,2021-07-06,-1,0.5100848,1,1.18221,1.17914
487,2021-07-07,1,0.5100009,1,1.17914,1.18453
488,2021-07-08,1,0.49361616,-1,1.18453,1.18774
489,2021-07-09,-1,0.4932629,-1,1.18774,1.18607
490,2021-07-12,-1,0.50741893,1,1.18607,1.17768
491,2021-07-13,1,0.5088001,1,1.17768,1.18375
492,2021-07-14,-1,0.49361023,-1,1.18375,1.18115
493,2021-07-15,-1,0.5079004,1,1.18115,1.18057
494,2021-07-16,-1,0.5074204,1,1.18057,1.18
495,2021-07-19,-1,0.5085928,1,1.18,1.17811
496,2021-07-20,1,0.50867534,1,1.17811,1.17937
497,2021-07-21,-1,0.49411988,-1,1.17937,1.17701
498,2021-07-22,-1,0.50855696,1,1.17701,1.17694
499,2021-07-23,1,0.50832814,1,1.17694,1.18026
500,2021-07-26,1,0.4939566,-1,1.18026,1.18155
501,2021-07-27,1,0.49379703,-1,1.18155,1.18438
502,2021-07-28,1,0.4933076,-1,1.18438,1.18852
503,2021-07-29,-1,0.49286252,-1,1.18852,1.18731
504,2021-07-30,-1,0.50327706,1,1.18731,1.18719
505,2021-08-02,-1,0.5039376,1,1.18719,1.1864
506,2021-08-03,-1,0.50418293,1,1.1864,1.18379
507,2021-08-04,-1,0.50562805,1,1.18379,1.18309
508,2021-08-05,-1,0.50563,1,1.18309,1.17612
509,2021-08-06,-1,0.5083242,1,1.17612,1.17355
510,2021-08-09,-1,0.5099621,1,1.17355,1.17204
511,2021-08-10,1,0.51101834,1,1.17204,1.17405
512,2021-08-11,-1,0.49455756,-1,1.17405,1.17341
513,2021-08-12,1,0.5113629,1,1.17341,1.17961
514,2021-08-13,-1,0.4931331,-1,1.17961,1.17762
515,2021-08-16,-1,0.5090707,1,1.17762,1.17097
516,2021-08-17,1,0.5097349,1,1.17097,1.17106
517,2021-08-18,-1,0.4944677,-1,1.17106,1.16779
518,2021-08-19,1,0.5116014,1,1.16779,1.16996
519,2021-08-20,1,0.493909,-1,1.16996,1.17444
520,2021-08-23,1,0.49407622,-1,1.17444,1.17572
521,2021-08-24,1,0.4939498,-1,1.17572,1.17724
522,2021-08-25,-1,0.49364242,-1,1.17724,1.17517
523,2021-08-26,1,0.5065409,1,1.17517,1.17959
524,2021-08-27,1,0.49306768,-1,1.17959,1.1797
525,2021-08-30,1,0.49412104,-1,1.1797,1.1809
526,2021-08-31,1,0.49380904,-1,1.1809,1.18388
527,2021-09-01,1,0.49329883,-1,1.18388,1.18757
528,2021-09-02,1,0.49282053,-1,1.18757,1.18775
529,2021-09-03,-1,0.49259076,-1,1.18775,1.18688
530,2021-09-06,-1,0.5037452,1,1.18688,1.18425
531,2021-09-07,-1,0.50524265,1,1.18425,1.18176
532,2021-09-08,1,0.5061999,1,1.18176,1.18231
533,2021-09-09,-1,0.49389437,-1,1.18231,1.18109
534,2021-09-10,-1,0.5065966,1,1.18109,1.18107
535,2021-09-13,-1,0.5081237,1,1.18107,1.18046
536,2021-09-14,1,0.5085014,1,1.18046,1.18156
537,2021-09-15,-1,0.49406564,-1,1.18156,1.17687
538,2021-09-16,-1,0.5100346,1,1.17687,1.17258
539,2021-09-17,1,0.51149356,1,1.17258,1.17278
540,2021-09-20,-1,0.4952707,1,1.17278,1.17254
541,2021-09-21,-1,0.5131836,1,1.17254,1.169
542,2021-09-22,1,0.5144661,1,1.169,1.17396
543,2021-09-23,-1,0.49389333,-1,1.17396,1.17211
544,2021-09-24,-1,0.51208925,1,1.17211,1.16961
545,2021-09-27,-1,0.5114473,1,1.16961,1.16836
546,2021-09-28,-1,0.5120536,1,1.16836,1.15961
547,2021-09-29,-1,0.51487017,1,1.15961,1.15757
548,2021-09-30,1,0.5139941,1,1.15757,1.15931
549,2021-10-01,1,0.494818,-1,1.15931,1.16194
550,2021-10-04,-1,0.4951955,1,1.16194,1.15974
551,2021-10-05,-1,0.5147016,1,1.15974,1.15573
552,2021-10-06,-1,0.5150553,1,1.15573,1.15532
553,2021-10-07,1,0.51445025,1,1.15532,1.1574
554,2021-10-08,-1,0.49448332,-1,1.1574,1.1554
555,2021-10-11,-1,0.51471287,1,1.1554,1.15305
556,2021-10-12,1,0.51508677,1,1.15305,1.15952
557,2021-10-13,1,0.49422666,-1,1.15952,1.15972
558,2021-10-14,1,0.49423876,-1,1.15972,1.15984
559,2021-10-15,1,0.49389076,-1,1.15984,1.16113
560,2021-10-18,1,0.4945151,-1,1.16113,1.16324
561,2021-10-19,1,0.4940907,-1,1.16324,1.16503
562,2021-10-20,-1,0.4937489,-1,1.16503,1.16229
563,2021-10-21,1,0.5072252,1,1.16229,1.1644
564,2021-10-22,-1,0.49357244,-1,1.1644,1.16102
565,2021-10-25,-1,0.50905573,1,1.16102,1.15974
566,2021-10-26,1,0.5088524,1,1.15974,1.1603
567,2021-10-27,1,0.4947258,-1,1.1603,1.16845
568,2021-10-28,-1,0.49345207,-1,1.16845,1.15623
569,2021-10-29,1,0.5114225,1,1.15623,1.16071
570,2021-11-01,-1,0.49478042,-1,1.16071,1.1579
571,2021-11-02,1,0.5120007,1,1.1579,1.16112
572,2021-11-03,-1,0.49447197,-1,1.16112,1.1554
573,2021-11-04,1,0.514279,1,1.1554,1.15669
574,2021-11-05,1,0.49432608,-1,1.15669,1.1587
575,2021-11-08,1,0.4949898,1,1.1587,1.15944
576,2021-11-09,-1,0.49482268,-1,1.15944,1.14768
577,2021-11-10,-1,0.516119,1,1.14768,1.14488
578,2021-11-11,-1,0.51468015,1,1.14488,1.14432
579,2021-11-12,-1,0.5181152,1,1.14432,1.13687
580,2021-11-15,-1,0.5207357,1,1.13687,1.13184
581,2021-11-16,1,0.5204987,1,1.13184,1.13226
582,2021-11-17,1,0.49619722,1,1.13226,1.1373
583,2021-11-18,-1,0.49519014,1,1.1373,1.12832
584,2021-11-19,-1,0.5209987,1,1.12832,1.12364
585,2021-11-22,1,0.5183038,1,1.12364,1.12492
586,2021-11-23,-1,0.49619722,1,1.12492,1.1199
587,2021-11-24,1,0.5219868,1,1.1199,1.12067
588,2021-11-25,1,0.49581572,1,1.12067,1.13227
589,2021-11-26,-1,0.4942347,-1,1.13227,1.12925
590,2021-11-29,1,0.51935506,1,1.12925,1.13397
591,2021-11-30,-1,0.49503514,1,1.13397,1.13192
592,2021-12-01,-1,0.51624787,1,1.13192,1.13
593,2021-12-02,1,0.514281,1,1.13,1.1309
594,2021-12-03,-1,0.49478793,-1,1.1309,1.12842
595,2021-12-06,-1,0.51406324,1,1.12842,1.12688
596,2021-12-07,1,0.5140283,1,1.12688,1.13442
597,2021-12-08,-1,0.4947014,-1,1.13442,1.12925
598,2021-12-09,1,0.51402456,1,1.12925,1.13169
599,2021-12-10,-1,0.49459872,-1,1.13169,1.12865
600,2021-12-13,-1,0.513058,1,1.12865,1.12564
601,2021-12-14,1,0.51370686,1,1.12564,1.12936
602,2021-12-15,1,0.4951527,1,1.12936,1.13317
603,2021-12-16,-1,0.49466372,-1,1.13317,1.12377
604,2021-12-17,1,0.5171421,1,1.12377,1.12769
605,2021-12-20,1,0.49553484,1,1.12769,1.12809
606,2021-12-21,1,0.4955568,1,1.12809,1.13281
607,2021-12-22,-1,0.49479464,-1,1.13281,1.13278
608,2021-12-23,-1,0.51259637,1,1.13278,1.1317
609,2021-12-24,1,0.51142204,1,1.1317,1.13263
610,2021-12-27,-1,0.49532318,1,1.13263,1.13087
611,2021-12-28,1,0.511446,1,1.13087,1.13476
612,2021-12-29,-1,0.49461314,-1,1.13476,1.13246
613,2021-12-30,1,0.5113967,1,1.13246,1.13779
614,2021-12-31,-1,0.4939566,-1,1.13779,1.12977
615,2022-01-03,-1,0.5074356,1,1.12977,1.1286
616,2022-01-04,1,0.50625706,1,1.1286,1.13129
617,2022-01-05,-1,0.49441704,-1,1.13129,1.12985
618,2022-01-06,1,0.50636995,1,1.12985,1.13594
619,2022-01-07,-1,0.49345264,-1,1.13594,1.13295
620,2022-01-10,1,0.5068089,1,1.13295,1.1369
621,2022-01-11,1,0.49435574,-1,1.1369,1.14402
622,2022-01-12,1,0.49378538,-1,1.14402,1.14547
623,2022-01-13,-1,0.49362594,-1,1.14547,1.14157
624,2022-01-14,-1,0.5036875,1,1.14157,1.14051
625,2022-01-17,-1,0.50470203,1,1.14051,1.13276
626,2022-01-18,1,0.50744116,1,1.13276,1.13436
627,2022-01-19,-1,0.49445227,-1,1.13436,1.131
628,2022-01-20,1,0.50765014,1,1.131,1.13422
629,2022-01-21,-1,0.49372524,-1,1.13422,1.13253
630,2022-01-24,-1,0.5084264,1,1.13253,1.13027
631,2022-01-25,-1,0.5084961,1,1.13027,1.12421
632,2022-01-26,-1,0.5098076,1,1.12421,1.11438
633,2022-01-27,1,0.51138943,1,1.11438,1.11474
634,2022-01-28,1,0.4947146,-1,1.11474,1.12334
635,2022-01-31,1,0.49455008,-1,1.12334,1.12729
636,2022-02-01,1,0.4945024,-1,1.12729,1.13053
637,2022-02-02,1,0.4941525,-1,1.13053,1.14392
638,2022-02-03,1,0.49330628,-1,1.14392,1.14517
639,2022-02-04,-1,0.49339727,-1,1.14517,1.14393
640,2022-02-07,-1,0.5044562,1,1.14393,1.14172
641,2022-02-08,1,0.5045496,1,1.14172,1.14233
642,2022-02-09,1,0.49427056,-1,1.14233,1.14289
643,2022-02-10,-1,0.49392578,-1,1.14289,1.13476
644,2022-02-11,-1,0.50611514,1,1.13476,1.13077
645,2022-02-14,1,0.5082273,1,1.13077,1.13596
646,2022-02-15,1,0.4947231,-1,1.13596,1.13738
647,2022-02-16,-1,0.49463406,-1,1.13738,1.13617
648,2022-02-17,-1,0.5061865,1,1.13617,1.13229
649,2022-02-18,-1,0.50686425,1,1.13229,1.13111
650,2022-02-21,1,0.50841796,1,1.13111,1.13256
651,2022-02-22,-1,0.49472064,-1,1.13256,1.1303
652,2022-02-23,-1,0.50909984,1,1.1303,1.11931
653,2022-02-24,1,0.51281244,1,1.11931,1.1272
654,2022-02-25,-1,0.49376982,-1,1.1272,1.12197
655,2022-02-28,-1,0.51122004,1,1.12197,1.11237
656,2022-03-01,1,0.5117573,1,1.11237,1.11244
657,2022-03-02,-1,0.4953094,1,1.11244,1.10662
658,2022-03-03,-1,0.5135871,1,1.10662,1.09308
659,2022-03-04,-1,0.5158121,1,1.09308,1.08523
660,2022-03-07,1,0.514956,1,1.08523,1.09025
661,2022-03-08,1,0.49577323,1,1.09025,1.1073
662,2022-03-09,-1,0.49457976,-1,1.1073,1.09879
663,2022-03-10,-1,0.5135562,1,1.09879,1.09141
664,2022-03-11,1,0.5115233,1,1.09141,1.09394
665,2022-03-14,1,0.49566448,1,1.09394,1.09463
666,2022-03-15,1,0.49565408,1,1.09463,1.10361
667,2022-03-16,1,0.49468997,-1,1.10361,1.10909
668,2022-03-17,-1,0.49448818,-1,1.10909,1.10493
669,2022-03-18,-1,0.5089512,1,1.10493,1.10163
670,2022-03-21,1,0.5091437,1,1.10163,1.10302
671,2022-03-22,-1,0.49552912,1,1.10302,1.10088
672,2022-03-23,-1,0.50870836,1,1.10088,1.09977
673,2022-03-24,-1,0.50837684,1,1.09977,1.09852
674,2022-03-25,1,0.5089038,1,1.09852,1.09857
675,2022-03-28,1,0.4960339,1,1.09857,1.10874
676,2022-03-29,1,0.49458495,-1,1.10874,1.11596
677,2022-03-30,-1,0.4943342,-1,1.11596,1.10669
678,2022-03-31,-1,0.50831324,1,1.10669,1.10453
679,2022-04-01,-1,0.507232,1,1.10453,1.09731
680,2022-04-04,-1,0.5111659,1,1.09731,1.09053
681,2022-04-05,-1,0.51253086,1,1.09053,1.08976
682,2022-04-06,-1,0.51435244,1,1.08976,1.08818
683,2022-04-07,-1,0.5167085,1,1.08818,1.0875
684,2022-04-08,1,0.51758426,1,1.0875,1.08836
685,2022-04-11,-1,0.49617592,1,1.08836,1.08272
686,2022-04-12,1,0.5182949,1,1.08272,1.08915
687,2022-04-13,-1,0.49511817,1,1.08915,1.0831
688,2022-04-14,-1,0.5176577,1,1.0831,1.08086
689,2022-04-15,-1,0.5158423,1,1.08086,1.07811
690,2022-04-18,1,0.5162599,1,1.07811,1.07905
691,2022-04-19,1,0.4960915,1,1.07905,1.08519
692,2022-04-20,-1,0.49512583,1,1.08519,1.08352
693,2022-04-21,-1,0.5155195,1,1.08352,1.08012
694,2022-04-22,-1,0.51575595,1,1.08012,1.07111
695,2022-04-25,-1,0.5177367,1,1.07111,1.06373
696,2022-04-26,-1,0.51800466,1,1.06373,1.05606
697,2022-04-27,-1,0.5201459,1,1.05606,1.04992
698,2022-04-28,1,0.5214715,1,1.04992,1.05464
699,2022-04-29,-1,0.49585047,1,1.05464,1.05077
700,2022-05-02,1,0.5220654,1,1.05077,1.05223
701,2022-05-03,1,0.4967997,1,1.05223,1.06218
702,2022-05-04,-1,0.49564153,1,1.06218,1.05411
703,2022-05-05,1,0.52201384,1,1.05411,1.0544
704,2022-05-06,1,0.4955749,1,1.0544,1.05603
705,2022-05-09,-1,0.49655163,1,1.05603,1.05286
706,2022-05-10,-1,0.52015674,1,1.05286,1.05129
707,2022-05-11,-1,0.5199209,1,1.05129,1.03817
708,2022-05-12,1,0.52509034,1,1.03817,1.04081
709,2022-05-13,1,0.49599743,1,1.04081,1.04347
710,2022-05-16,1,0.49706587,1,1.04347,1.05505
711,2022-05-17,-1,0.49585927,1,1.05505,1.04645
712,2022-05-18,1,0.5189659,1,1.04645,1.0584
713,2022-05-19,-1,0.49515995,1,1.0584,1.0559
714,2022-05-20,1,0.51467156,1,1.0559,1.06918
715,2022-05-23,1,0.49583054,1,1.06918,1.07359
716,2022-05-24,-1,0.49586946,1,1.07359,1.06802
717,2022-05-25,1,0.51006866,1,1.06802,1.07287
718,2022-05-26,1,0.49521634,1,1.07287,1.07312
719,2022-05-27,1,0.4950973,1,1.07312,1.07799
720,2022-05-30,-1,0.49581647,1,1.07799,1.0734
721,2022-05-31,-1,0.5107666,1,1.0734,1.06527
722,2022-06-01,1,0.5123035,1,1.06527,1.07498
723,2022-06-02,-1,0.4952361,1,1.07498,1.07169
724,2022-06-03,-1,0.5129905,1,1.07169,1.0693
725,2022-06-06,1,0.51263005,1,1.0693,1.07063
726,2022-06-07,1,0.49624506,1,1.07063,1.07166
727,2022-06-08,-1,0.4959449,1,1.07166,1.06192
728,2022-06-09,-1,0.5166372,1,1.06192,1.05211
729,2022-06-10,-1,0.520205,1,1.05211,1.04089
730,2022-06-13,1,0.52340174,1,1.04089,1.04173
731,2022-06-14,1,0.49719945,1,1.04173,1.04449
732,2022-06-15,1,0.4970214,1,1.04449,1.05524
733,2022-06-16,-1,0.4958112,1,1.05524,1.04967
734,2022-06-17,1,0.5245442,1,1.04967,1.05103
735,2022-06-20,1,0.4967601,1,1.05103,1.05353
736,2022-06-21,1,0.49642056,1,1.05353,1.05679
737,2022-06-22,-1,0.4959269,1,1.05679,1.05217
738,2022-06-23,1,0.51937354,1,1.05217,1.05539
739,2022-06-24,1,0.49535903,1,1.05539,1.05831
740,2022-06-27,-1,0.49633315,1,1.05831,1.05213
741,2022-06-28,-1,0.51883423,1,1.05213,1.04417
742,2022-06-29,1,0.5200407,1,1.04417,1.04833
743,2022-06-30,-1,0.49603978,1,1.04833,1.04266
744,2022-07-01,-1,0.5246807,1,1.04266,1.04221
745,2022-07-04,-1,0.52104545,1,1.04221,1.02656
746,2022-07-05,-1,0.52828,1,1.02656,1.01838
747,2022-07-06,-1,0.52788347,1,1.01838,1.01627
748,2022-07-07,1,0.5303327,1,1.01627,1.01835
749,2022-07-08,-1,0.49727443,1,1.01835,1.00415
750,2022-07-11,-1,0.5338198,1,1.00415,1.00366
751,2022-07-12,1,0.5292649,1,1.00366,1.00575
752,2022-07-13,-1,0.49811202,1,1.00575,1.00217
753,2022-07-14,1,0.53472114,1,1.00217,1.0086
754,2022-07-15,1,0.4967996,1,1.0086,1.01457
755,2022-07-18,1,0.4975899,1,1.01457,1.02265
756,2022-07-19,-1,0.49678534,1,1.02265,1.01796
757,2022-07-20,1,0.52496624,1,1.01796,1.02269
758,2022-07-21,-1,0.49613693,1,1.02269,1.01979
759,2022-07-22,1,0.5230766,1,1.01979,1.02216
760,2022-07-25,-1,0.4972529,1,1.02216,1.01162
761,2022-07-26,1,0.5233503,1,1.01162,1.02008
762,2022-07-27,-1,0.49665993,1,1.02008,1.01987
763,2022-07-28,1,0.51997584,1,1.01987,1.02264
764,2022-07-29,1,0.496188,1,1.02264,1.02584
765,2022-08-01,-1,0.4972221,1,1.02584,1.0167
766,2022-08-02,1,0.52085674,1,1.0167,1.01688
767,2022-08-03,1,0.49727118,1,1.01688,1.02454
768,2022-08-04,-1,0.49637434,1,1.02454,1.0178
769,2022-08-05,1,0.5249094,1,1.0178,1.01957
770,2022-08-08,1,0.49748316,1,1.01957,1.0213
771,2022-08-09,1,0.49721488,1,1.0213,1.02972
772,2022-08-10,1,0.4962769,1,1.02972,1.03243
773,2022-08-11,-1,0.49614927,1,1.03243,1.02567
774,2022-08-12,-1,0.52187926,1,1.02567,1.01585
775,2022-08-15,1,0.52309984,1,1.01585,1.01701
776,2022-08-16,1,0.4974719,1,1.01701,1.01778
777,2022-08-17,-1,0.49735096,1,1.01778,1.00882
778,2022-08-18,-1,0.53535795,1,1.00882,1.00394
779,2022-08-19,-1,0.5365096,1,1.00394,0.99411
780,2022-08-22,1,0.5372831,1,0.99411,0.99681
781,2022-08-23,1,0.49826592,1,0.99681,0.99688
782,2022-08-24,1,0.49838945,1,0.99688,0.99724
783,2022-08-25,-1,0.4980015,1,0.99724,0.99651
784,2022-08-26,1,0.5382437,1,0.99651,0.99974
785,2022-08-29,1,0.49828127,1,0.99974,1.00155
786,2022-08-30,1,0.49779516,1,1.00155,1.00525
787,2022-08-31,-1,0.49698123,1,1.00525,0.99476
788,2022-09-01,1,0.53862333,1,0.99476,0.99574
789,2022-09-02,-1,0.49724966,1,0.99574,0.99287
790,2022-09-05,-1,0.53580403,1,0.99287,0.99039
791,2022-09-06,1,0.53720456,1,0.99039,0.99886
792,2022-09-07,1,0.49727154,1,0.99886,0.99989
793,2022-09-08,1,0.49738142,1,0.99989,1.00462
794,2022-09-09,1,0.49645934,1,1.00462,1.01236
795,2022-09-12,-1,0.49705815,1,1.01236,0.99682
796,2022-09-13,1,0.5296759,1,0.99682,0.99783
797,2022-09-14,1,0.49741828,1,0.99783,0.99947
798,2022-09-15,1,0.49735576,1,0.99947,1.00133
799,2022-09-16,1,0.4969974,1,1.00133,1.00241
800,2022-09-19,-1,0.49792665,1,1.00241,0.99685
801,2022-09-20,-1,0.5323973,1,0.99685,0.98397
802,2022-09-21,-1,0.5378822,1,0.98397,0.98333
803,2022-09-22,-1,0.53821164,1,0.98333,0.96889
804,2022-09-23,-1,0.547785,1,0.96889,0.96074
805,2022-09-26,-1,0.542763,1,0.96074,0.95914
806,2022-09-27,1,0.54367757,1,0.95914,0.97345
807,2022-09-28,1,0.49817783,1,0.97345,0.98078
808,2022-09-29,-1,0.49809802,1,0.98078,0.97997
809,2022-09-30,1,0.53849316,1,0.97997,0.98241
810,2022-10-03,1,0.49844736,1,0.98241,0.9986
811,2022-10-04,-1,0.497274,1,0.9986,0.9892
812,2022-10-05,-1,0.5331241,1,0.9892,0.97912
813,2022-10-06,-1,0.5319812,1,0.97912,0.97381
814,2022-10-07,-1,0.53490406,1,0.97381,0.97058
815,2022-10-10,-1,0.5355318,1,0.97058,0.97031
816,2022-10-11,1,0.5388002,1,0.97031,0.97033
817,2022-10-12,1,0.49890637,1,0.97033,0.97769
818,2022-10-13,-1,0.4978907,1,0.97769,0.97237
819,2022-10-14,1,0.54213965,1,0.97237,0.98444
820,2022-10-17,1,0.4980087,1,0.98444,0.98585
821,2022-10-18,-1,0.4982656,1,0.98585,0.97725
822,2022-10-19,1,0.53690475,1,0.97725,0.97869
823,2022-10-20,1,0.4977228,1,0.97869,0.98629
824,2022-10-21,1,0.49729872,1,0.98629,0.98752
825,2022-10-24,1,0.49840853,1,0.98752,0.99675
826,2022-10-25,1,0.49739414,1,0.99675,1.00833
827,2022-10-26,-1,0.4969313,1,1.00833,0.99636
828,2022-10-27,1,0.5313002,1,0.99636,0.9966
829,2022-10-28,-1,0.49690163,1,0.9966,0.98828
830,2022-10-31,-1,0.5319117,1,0.98828,0.98744
831,2022-11-01,-1,0.534077,1,0.98744,0.98132
832,2022-11-02,-1,0.5406324,1,0.98132,0.97485
833,2022-11-03,1,0.54457116,1,0.97485,0.99593
834,2022-11-04,1,0.49690393,1,0.99593,1.00205
835,2022-11-07,1,0.4984621,1,1.00205,1.00726
836,2022-11-08,-1,0.49762234,1,1.00726,1.00133
837,2022-11-09,1,0.53180003,1,1.00133,1.02052
838,2022-11-10,1,0.496441,1,1.02052,1.03537
839,2022-11-11,-1,0.49646157,1,1.03537,1.03302
840,2022-11-14,1,0.5265179,1,1.03302,1.03481
841,2022-11-15,1,0.49684566,1,1.03481,1.03917
842,2022-11-16,-1,0.49649796,1,1.03917,1.03663
843,2022-11-17,-1,0.526847,1,1.03663,1.03197
844,2022-11-18,-1,0.5282725,1,1.03197,1.02389
845,2022-11-21,1,0.5299631,1,1.02389,1.03021
846,2022-11-22,1,0.49722916,1,1.03021,1.03939
847,2022-11-23,1,0.49684656,1,1.03939,1.04121
848,2022-11-24,-1,0.4966434,1,1.04121,1.0385
849,2022-11-25,-1,0.5272651,1,1.0385,1.03408
850,2022-11-28,-1,0.5278522,1,1.03408,1.03282
851,2022-11-29,1,0.5283995,1,1.03282,1.04054
852,2022-11-30,1,0.4967865,1,1.04054,1.05259
853,2022-12-01,1,0.49625704,1,1.05259,1.05409
854,2022-12-02,-1,0.49615303,1,1.05409,1.04925
855,2022-12-05,-1,0.52687174,1,1.04925,1.04661
856,2022-12-06,1,0.5272925,1,1.04661,1.05059
857,2022-12-07,1,0.49667016,1,1.05059,1.05563
858,2022-12-08,-1,0.49626926,1,1.05563,1.05339
859,2022-12-09,1,0.52860266,1,1.05339,1.05381
860,2022-12-12,1,0.49709952,1,1.05381,1.06325
861,2022-12-13,1,0.4962264,1,1.06325,1.0683
862,2022-12-14,-1,0.49608037,1,1.0683,1.06274
863,2022-12-15,-1,0.5265076,1,1.06274,1.05897
864,2022-12-16,1,0.5269919,1,1.05897,1.06078
865,2022-12-19,1,0.4971503,1,1.06078,1.06288
866,2022-12-20,-1,0.49690554,1,1.06288,1.06057
867,2022-12-21,-1,0.52945083,1,1.06057,1.0597
868,2022-12-22,1,0.53034115,1,1.0597,1.06168
869,2022-12-23,1,0.49632862,1,1.06168,1.06374
870,2022-12-27,-1,0.4967165,1,1.06374,1.06125
871,2022-12-28,1,0.530593,1,1.06125,1.0661
872,2022-12-29,1,0.4960548,1,1.0661,1.06999
873,2022-12-30,-1,0.49576515,1,1.06999,1.0659
874,2023-01-02,-1,0.51327527,1,1.0659,1.0548
875,2023-01-03,1,0.5175454,1,1.0548,1.06049
876,2023-01-04,-1,0.49585646,1,1.06049,1.05203
877,2023-01-05,1,0.5227881,1,1.05203,1.06428
878,2023-01-06,1,0.49504426,1,1.06428,1.07335
879,2023-01-09,1,0.49607444,1,1.07335,1.07338
880,2023-01-10,1,0.49612203,1,1.07338,1.07563
881,2023-01-11,1,0.495696,1,1.07563,1.085
882,2023-01-12,-1,0.49488783,-1,1.085,1.08326
883,2023-01-13,-1,0.5093501,1,1.08326,1.08218
884,2023-01-16,-1,0.5104993,1,1.08218,1.079
885,2023-01-17,1,0.51163757,1,1.079,1.07953
886,2023-01-18,1,0.49575132,1,1.07953,1.08306
887,2023-01-19,1,0.4952196,1,1.08306,1.08557
888,2023-01-20,1,0.49483097,-1,1.08557,1.08711
889,2023-01-23,1,0.4957601,1,1.08711,1.0888
890,2023-01-24,1,0.49544182,1,1.0888,1.09156
891,2023-01-25,-1,0.495003,1,1.09156,1.08935
892,2023-01-26,-1,0.5091215,1,1.08935,1.08674
893,2023-01-27,-1,0.5095469,1,1.08674,1.08508
894,2023-01-30,1,0.5122068,1,1.08508,1.08642
895,2023-01-31,1,0.4960968,1,1.08642,1.09884
896,2023-02-01,-1,0.4947042,-1,1.09884,1.09099
897,2023-02-02,-1,0.51383466,1,1.09099,1.07932
898,2023-02-03,-1,0.51560944,1,1.07932,1.07247
899,2023-02-06,1,0.5172423,1,1.07247,1.07272
900,2023-02-07,-1,0.4965549,1,1.07272,1.07151
901,2023-02-08,1,0.5215853,1,1.07151,1.07378
902,2023-02-09,-1,0.49616665,1,1.07378,1.06781
903,2023-02-10,1,0.5243584,1,1.06781,1.07242
904,2023-02-13,1,0.49632406,1,1.07242,1.07361
905,2023-02-14,-1,0.49651912,1,1.07361,1.06878
906,2023-02-15,-1,0.52181834,1,1.06878,1.06731
907,2023-02-16,1,0.52128035,1,1.06731,1.06936
908,2023-02-17,-1,0.49583265,1,1.06936,1.0686
909,2023-02-20,-1,0.5199879,1,1.0686,1.06452
910,2023-02-21,-1,0.52202415,1,1.06452,1.06048
911,2023-02-22,-1,0.52287894,1,1.06048,1.05963
912,2023-02-23,-1,0.5230308,1,1.05963,1.05446
913,2023-02-24,1,0.52716154,1,1.05446,1.06097
914,2023-02-27,-1,0.49651048,1,1.06097,1.05744
915,2023-02-28,1,0.5226904,1,1.05744,1.06692
916,2023-03-01,-1,0.49579433,1,1.06692,1.05971
917,2023-03-02,1,0.5225385,1,1.05971,1.06331
918,2023-03-03,1,0.49545816,1,1.06331,1.06829
919,2023-03-06,-1,0.4963671,1,1.06829,1.05497
920,2023-03-07,-1,0.52135885,1,1.05497,1.05442
921,2023-03-08,1,0.5174913,1,1.05442,1.05817
922,2023-03-09,1,0.49606687,1,1.05817,1.06383
923,2023-03-10,1,0.49563098,1,1.06383,1.07308
924,2023-03-13,1,0.4961965,1,1.07308,1.07323
925,2023-03-14,-1,0.49621442,1,1.07323,1.05762
926,2023-03-15,1,0.5177557,1,1.05762,1.06157
927,2023-03-16,1,0.49586362,1,1.06157,1.06651
928,2023-03-17,1,0.49555814,1,1.06651,1.07231
929,2023-03-20,1,0.49639106,1,1.07231,1.07693
930,2023-03-21,1,0.4961124,1,1.07693,1.0859
931,2023-03-22,-1,0.4954352,1,1.0859,1.08323
932,2023-03-23,-1,0.51087326,1,1.08323,1.07601
933,2023-03-24,1,0.5127867,1,1.07601,1.07979
934,2023-03-27,1,0.49628195,1,1.07979,1.08446
935,2023-03-28,0,0.49591786,1,1.08446,1.08446
936,2023-03-29,1,0.5006261,1,1.08446,1.09048
937,2023-03-30,-1,0.49505466,1,1.09048,1.08426
938,2023-03-31,1,0.5125821,1,1.08426,1.09032
939,2023-04-03,1,0.4960291,1,1.09032,1.09559
940,2023-04-04,-1,0.49569333,1,1.09559,1.09058
941,2023-04-05,1,0.51194173,1,1.09058,1.09196
942,2023-04-06,-1,0.49546108,1,1.09196,1.08985
943,2023-04-07,-1,0.5115127,1,1.08985,1.08614
944,2023-04-10,1,0.5138545,1,1.08614,1.09131
945,2023-04-11,1,0.49588484,1,1.09131,1.09916
946,2023-04-12,1,0.49526218,1,1.09916,1.10472
947,2023-04-13,-1,0.49488217,-1,1.10472,1.09948
948,2023-04-14,-1,0.51123655,1,1.09948,1.09288
949,2023-04-17,1,0.51313716,1,1.09288,1.0972
950,2023-04-18,-1,0.49577418,1,1.0972,1.09558
951,2023-04-19,1,0.51371694,1,1.09558,1.09696
952,2023-04-20,1,0.49540386,1,1.09696,1.09895
953,2023-04-21,1,0.4949738,1,1.09895,1.10444
954,2023-04-24,-1,0.49551013,1,1.10444,1.09745
955,2023-04-25,1,0.51390374,1,1.09745,1.10414
956,2023-04-26,-1,0.49523306,1,1.10414,1.10285
957,2023-04-27,-1,0.5119946,1,1.10285,1.10166
958,2023-04-28,-1,0.51172954,1,1.10166,1.0976
959,2023-05-01,1,0.51458806,1,1.0976,1.09992
960,2023-05-02,1,0.49592483,1,1.09992,1.106
961,2023-05-03,-1,0.49523294,1,1.106,1.1014
962,2023-05-04,1,0.5156532,1,1.1014,1.10183
963,2023-05-05,-1,0.49517387,1,1.10183,1.10042
964,2023-05-08,-1,0.51435345,1,1.10042,1.09603
965,2023-05-09,1,0.5162314,1,1.09603,1.09831
966,2023-05-10,-1,0.49581555,1,1.09831,1.09166
967,2023-05-11,-1,0.5219105,1,1.09166,1.08499
968,2023-05-12,1,0.5236687,1,1.08499,1.08741
969,2023-05-15,-1,0.4965847,1,1.08741,1.08616
970,2023-05-16,-1,0.5239513,1,1.08616,1.08382
971,2023-05-17,-1,0.52386653,1,1.08382,1.0771
972,2023-05-18,1,0.5258865,1,1.0771,1.08047
973,2023-05-19,1,0.49598986,1,1.08047,1.0813
974,2023-05-22,-1,0.49695697,1,1.0813,1.07708
975,2023-05-23,-1,0.524097,1,1.07708,1.07505
976,2023-05-24,-1,0.5238353,1,1.07505,1.07251
977,2023-05-25,1,0.52560943,1,1.07251,1.07255
978,2023-05-26,-1,0.4966498,1,1.07255,1.07089
979,2023-05-29,1,0.5245854,1,1.07089,1.07346
980,2023-05-30,-1,0.49679798,1,1.07346,1.06885
981,2023-05-31,1,0.5252303,1,1.06885,1.07616
982,2023-06-01,-1,0.49573913,1,1.07616,1.0706
983,2023-06-02,1,0.52426076,1,1.0706,1.07127
984,2023-06-05,-1,0.49696088,1,1.07127,1.06923
985,2023-06-06,1,0.52128714,1,1.06923,1.06982
986,2023-06-07,1,0.4966904,1,1.06982,1.07817
987,2023-06-08,-1,0.49539566,1,1.07817,1.07495
988,2023-06-09,1,0.5185285,1,1.07495,1.0758
989,2023-06-12,1,0.49665976,1,1.0758,1.07923
990,2023-06-13,1,0.4961081,1,1.07923,1.08309
991,2023-06-14,1,0.49565008,1,1.08309,1.09455
992,2023-06-15,-1,0.49477002,-1,1.09455,1.09409
993,2023-06-16,-1,0.50965846,1,1.09409,1.09223
994,2023-06-19,-1,0.51072896,1,1.09223,1.09169
995,2023-06-20,1,0.51055413,1,1.09169,1.09869
996,2023-06-21,-1,0.4949742,1,1.09869,1.09535
997,2023-06-22,-1,0.51120657,1,1.09535,1.08942
998,2023-06-23,1,0.51323766,1,1.08942,1.09048
999,2023-06-26,1,0.49641094,1,1.09048,1.09606
1000,2023-06-27,-1,0.49568653,1,1.09606,1.09128
1001,2023-06-28,-1,0.51460415,1,1.09128,1.08652
1002,2023-06-29,1,0.51542646,1,1.08652,1.09106
1003,2023-06-30,1,0.4953133,1,1.09106,1.09136
1004,2023-07-03,-1,0.4965092,1,1.09136,1.0879
1005,2023-07-04,-1,0.5173476,1,1.0879,1.08539
1006,2023-07-05,1,0.51936954,1,1.08539,1.08913
1007,2023-07-06,1,0.4956561,1,1.08913,1.09662
1008,2023-07-07,1,0.49490336,-1,1.09662,1.10001
1009,2023-07-10,1,0.49577698,1,1.10001,1.10083
1010,2023-07-11,1,0.49550304,1,1.10083,1.11308
1011,2023-07-12,1,0.49458158,-1,1.11308,1.12259
1012,2023-07-13,1,0.49433187,-1,1.12259,1.12285
1013,2023-07-14,1,0.49408507,-1,1.12285,1.12406
1014,2023-07-17,-1,0.49480888,-1,1.12406,1.12281
1015,2023-07-18,-1,0.5091919,1,1.12281,1.12021
1016,2023-07-19,-1,0.50962454,1,1.12021,1.113
1017,2023-07-20,-1,0.5132143,1,1.113,1.11254
1018,2023-07-21,-1,0.5127931,1,1.11254,1.10641
1019,2023-07-24,-1,0.51639533,1,1.10641,1.10545
1020,2023-07-25,1,0.51579404,1,1.10545,1.1087
1021,2023-07-26,-1,0.4959723,1,1.1087,1.09755
1022,2023-07-27,1,0.5218916,1,1.09755,1.10164
1023,2023-07-28,-1,0.4954317,1,1.10164,1.09968
1024,2023-07-31,-1,0.52253526,1,1.09968,1.0984
1025,2023-08-01,-1,0.5240283,1,1.0984,1.09379
1026,2023-08-02,1,0.5268052,1,1.09379,1.09479
1027,2023-08-03,1,0.49635863,1,1.09479,1.10111
1028,2023-08-04,-1,0.49536267,1,1.10111,1.10021
1029,2023-08-07,-1,0.52356434,1,1.10021,1.09559
1030,2023-08-08,1,0.5237358,1,1.09559,1.09733
1031,2023-08-09,1,0.49606067,1,1.09733,1.09792
1032,2023-08-10,-1,0.49587375,1,1.09792,1.09477
1033,2023-08-11,-1,0.52400994,1,1.09477,1.09057
1034,2023-08-14,-1,0.5243423,1,1.09057,1.09031
1035,2023-08-15,-1,0.5247828,1,1.09031,1.08791
1036,2023-08-16,-1,0.52683663,1,1.08791,1.08715
1037,2023-08-17,1,0.52748317,1,1.08715,1.0872
1038,2023-08-18,1,0.4966324,1,1.0872,1.08952
1039,2023-08-21,-1,0.4968244,1,1.08952,1.08473
1040,2023-08-22,1,0.5265617,1,1.08473,1.08634
1041,2023-08-23,-1,0.49654198,1,1.08634,1.08107
1042,2023-08-24,-1,0.5273945,1,1.08107,1.07937
1043,2023-08-25,1,0.52719176,1,1.07937,1.08186
1044,2023-08-28,1,0.49702546,1,1.08186,1.08804
1045,2023-08-29,1,0.49613094,1,1.08804,1.0923
1046,2023-08-30,-1,0.49562028,1,1.0923,1.08423
1047,2023-08-31,-1,0.5215973,1,1.08423,1.07731
1048,2023-09-01,1,0.5448868,1,1.07731,1.07963
1049,2023-09-04,-1,0.49766102,1,1.07963,1.07219
1050,2023-09-05,1,0.5483015,1,1.07219,1.07255
1051,2023-09-06,-1,0.4983268,1,1.07255,1.06959
1052,2023-09-07,1,0.5522901,1,1.06959,1.07002
1053,2023-09-08,1,0.49839905,1,1.07002,1.07489
1054,2023-09-11,1,0.49821067,1,1.07489,1.07597
1055,2023-09-12,-1,0.49806583,1,1.07597,1.07297
1056,2023-09-13,-1,0.5474794,1,1.07297,1.06433
1057,2023-09-14,1,0.5505494,1,1.06433,1.06626
1058,2023-09-15,1,0.49798232,1,1.06626,1.06915
1059,2023-09-18,-1,0.4983735,1,1.06915,1.06809
1060,2023-09-19,-1,0.5477636,1,1.06809,1.06598
1061,2023-09-20,1,0.5490752,1,1.06598,1.06617
1062,2023-09-21,-1,0.49829635,1,1.06617,1.0644
1063,2023-09-22,-1,0.5521075,1,1.0644,1.05926
1064,2023-09-25,-1,0.54743475,1,1.05926,1.05713
1065,2023-09-26,-1,0.5493222,1,1.05713,1.05038
1066,2023-09-27,1,0.55315346,1,1.05038,1.05665
1067,2023-09-28,1,0.4981813,1,1.05665,1.0573
1068,2023-09-29,-1,0.49837878,1,1.0573,1.04793
1069,2023-10-02,-1,0.5504833,1,1.04793,1.04666
1070,2023-10-03,1,0.550673,1,1.04666,1.05048
1071,2023-10-04,1,0.49893916,1,1.05048,1.05506
1072,2023-10-05,1,0.49832213,1,1.05506,1.05835
1073,2023-10-06,-1,0.49776036,1,1.05835,1.05664
1074,2023-10-09,1,0.545586,1,1.05664,1.06052
1075,2023-10-10,1,0.49765447,1,1.06052,1.06184
1076,2023-10-11,-1,0.497378,1,1.06184,1.0528
1077,2023-10-12,-1,0.54508144,1,1.0528,1.05067
1078,2023-10-13,1,0.546146,1,1.05067,1.05588
1079,2023-10-16,1,0.49790064,1,1.05588,1.05769
1080,2023-10-17,-1,0.4979147,1,1.05769,1.05354
1081,2023-10-18,1,0.54481155,1,1.05354,1.0581
1082,2023-10-19,1,0.4971913,1,1.0581,1.05949
1083,2023-10-20,1,0.49710387,1,1.05949,1.06693
1084,2023-10-23,-1,0.49695075,1,1.06693,1.05898
1085,2023-10-24,-1,0.53983974,1,1.05898,1.05659
1086,2023-10-25,-1,0.5402874,1,1.05659,1.0561
1087,2023-10-26,1,0.5459364,1,1.0561,1.05652
1088,2023-10-27,1,0.49779168,1,1.05652,1.06147
1089,2023-10-30,-1,0.497715,1,1.06147,1.05746
1090,2023-10-31,-1,0.5469393,1,1.05746,1.05702
1091,2023-11-01,1,0.547925,1,1.05702,1.06214
1092,2023-11-02,1,0.49733907,1,1.06214,1.07273
1093,2023-11-03,-1,0.49648649,1,1.07273,1.0717
1094,2023-11-06,-1,0.53880966,1,1.0717,1.06992
1095,2023-11-07,1,0.5376298,1,1.06992,1.07095
1096,2023-11-08,-1,0.49660337,1,1.07095,1.0668
1097,2023-11-09,1,0.542305,1,1.0668,1.0684
1098,2023-11-10,1,0.49677604,1,1.0684,1.06993
1099,2023-11-13,1,0.49734402,1,1.06993,1.0879
1100,2023-11-14,-1,0.49606183,1,1.0879,1.08465
1101,2023-11-15,1,0.538392,1,1.08465,1.08537
1102,2023-11-16,1,0.49590898,1,1.08537,1.0913
1103,2023-11-17,1,0.49555206,1,1.0913,1.09405
1104,2023-11-20,-1,0.4962183,1,1.09405,1.09122
1105,2023-11-21,-1,0.53355277,1,1.09122,1.08886
1106,2023-11-22,1,0.53562385,1,1.08886,1.09064
1107,2023-11-23,1,0.49602464,1,1.09064,1.09358
1108,2023-11-24,1,0.4958537,1,1.09358,1.09547
1109,2023-11-27,1,0.49639684,1,1.09547,1.09949
1110,2023-11-28,-1,0.49590805,1,1.09949,1.09703
1111,2023-11-29,-1,0.5343965,1,1.09703,1.08894
1112,2023-11-30,-1,0.5392945,1,1.08894,1.08809
1113,2023-12-01,-1,0.5432969,1,1.08809,1.08357
1114,2023-12-04,-1,0.54528207,1,1.08357,1.07982
1115,2023-12-05,-1,0.53044605,1,1.07982,1.07633
1116,2023-12-06,1,0.5349347,1,1.07633,1.07959
1117,2023-12-07,-1,0.49684206,1,1.07959,1.07624
1118,2023-12-08,1,0.538511,1,1.07624,1.0764
1119,2023-12-11,1,0.49772975,1,1.0764,1.07951
1120,2023-12-12,1,0.49704462,1,1.07951,1.08748
1121,2023-12-13,1,0.49600804,1,1.08748,1.09912
1122,2023-12-14,-1,0.49529147,1,1.09912,1.08952
1123,2023-12-15,1,0.5265095,1,1.08952,1.09234
1124,2023-12-18,1,0.49634224,1,1.09234,1.09801
1125,2023-12-19,-1,0.4959641,1,1.09801,1.09421
1126,2023-12-20,1,0.5208263,1,1.09421,1.10118
1127,2023-12-21,1,0.49541315,1,1.10118,1.10124
1128,2023-12-22,1,0.4954007,1,1.10124,1.10416
1129,2023-12-26,1,0.49569836,1,1.10416,1.11065
1130,2023-12-27,-1,0.495173,1,1.11065,1.10623
1131,2023-12-28,-1,0.51595414,1,1.10623,1.1039
1132,2023-12-29,-1,0.51612383,1,1.1039,1.09413
1133,2024-01-02,-1,0.51162046,1,1.09413,1.09196
1134,2024-01-03,1,0.51123744,1,1.09196,1.09478
1135,2024-01-04,-1,0.49534246,1,1.09478,1.09409
1136,2024-01-05,1,0.5134327,1,1.09409,1.09508
1137,2024-01-08,-1,0.49577206,1,1.09508,1.0931
1138,2024-01-09,1,0.51386935,1,1.0931,1.0972
1139,2024-01-10,1,0.49498093,1,1.0972,1.09727
1140,2024-01-11,-1,0.4949501,1,1.09727,1.09496
1141,2024-01-12,1,0.5133075,1,1.09496,1.09504
1142,2024-01-15,-1,0.49576655,1,1.09504,1.08756
1143,2024-01-16,1,0.5162346,1,1.08756,1.08815
1144,2024-01-17,-1,0.4958187,1,1.08815,1.08755
1145,2024-01-18,1,0.5171526,1,1.08755,1.08974
1146,2024-01-19,-1,0.4951169,1,1.08974,1.0882
1147,2024-01-22,-1,0.5151705,1,1.0882,1.08533
1148,2024-01-23,1,0.5154124,1,1.08533,1.08846
1149,2024-01-24,-1,0.49544558,1,1.08846,1.08473
1150,2024-01-25,1,0.5160594,1,1.08473,1.08528
1151,2024-01-26,-1,0.495312,1,1.08528,1.08342
1152,2024-01-29,1,0.5152582,1,1.08342,1.08454
1153,2024-01-30,-1,0.49595568,1,1.08454,1.08181
1154,2024-01-31,1,0.5169606,1,1.08181,1.08713
1155,2024-02-01,-1,0.49498227,1,1.08713,1.07888
1156,2024-02-02,-1,0.5190143,1,1.07888,1.07412
1157,2024-02-05,1,0.5167826,1,1.07412,1.07549
1158,2024-02-06,1,0.49621525,1,1.07549,1.07735
1159,2024-02-07,1,0.49599272,1,1.07735,1.07779
1160,2024-02-08,1,0.49573806,1,1.07779,1.07844
1161,2024-02-09,-1,0.4953233,1,1.07844,1.0772
1162,2024-02-12,-1,0.5152917,1,1.0772,1.07094
1163,2024-02-13,1,0.5180826,1,1.07094,1.07276
1164,2024-02-14,1,0.49604845,1,1.07276,1.0773
1165,2024-02-15,1,0.49528393,1,1.0773,1.07762
1166,2024-02-16,1,0.4951381,1,1.07762,1.07794
1167,2024-02-19,1,0.49606857,1,1.07794,1.08083
1168,2024-02-20,1,0.49548542,1,1.08083,1.08173
1169,2024-02-21,1,0.49526346,1,1.08173,1.08234
1170,2024-02-22,-1,0.4949411,-1,1.08234,1.08207
1171,2024-02-23,1,0.50932485,1,1.08207,1.08509
1172,2024-02-26,-1,0.495446,1,1.08509,1.08447
1173,2024-02-27,-1,0.50937176,1,1.08447,1.08376
1174,2024-02-28,-1,0.50935113,1,1.08376,1.08045
1175,2024-02-29,1,0.51158386,1,1.08045,1.08399
1176,2024-03-01,1,0.49493343,-1,1.08399,1.08559
1177,2024-03-04,1,0.4959424,1,1.08559,1.08563
1178,2024-03-05,1,0.4958132,1,1.08563,1.08979
1179,2024-03-06,1,0.49497607,1,1.08979,1.09488
1180,2024-03-07,-1,0.494461,-1,1.09488,1.09391
1181,2024-03-08,-1,0.50674623,1,1.09391,1.09265
1182,2024-03-11,1,0.5094053,1,1.09265,1.09268
1183,2024-03-12,1,0.49542597,1,1.09268,1.09476
1184,2024-03-13,-1,0.49487013,-1,1.09476,1.08839
1185,2024-03-14,1,0.512376,1,1.08839,1.08885
1186,2024-03-15,-1,0.49528024,1,1.08885,1.08717
1187,2024-03-18,-1,0.51356196,1,1.08717,1.08655
1188,2024-03-19,1,0.5139996,1,1.08655,1.09226
1189,2024-03-20,-1,0.4950626,1,1.09226,1.08595
1190,2024-03-21,-1,0.5158426,1,1.08595,1.08087
1191,2024-03-22,1,0.5163467,1,1.08087,1.08366
1192,2024-03-25,-1,0.4959604,1,1.08366,1.08313
1193,2024-03-26,-1,0.51809305,1,1.08313,1.08279
1194,2024-03-27,-1,0.5179,1,1.08279,1.07868
1195,2024-03-28,1,0.5199344,1,1.07868,1.07928
1196,2024-03-29,-1,0.49563533,1,1.07928,1.07425
1197,2024-04-01,1,0.5225481,1,1.07425,1.07684
1198,2024-04-02,1,0.49629515,1,1.07684,1.08366
1199,2024-04-03,1,0.49545598,1,1.08366,1.08381
1200,2024-04-04,-1,0.49537107,1,1.08381,1.0837
1201,2024-04-05,1,0.51391333,1,1.0837,1.08591
1202,2024-04-08,-1,0.49580944,1,1.08591,1.08573
1203,2024-04-09,-1,0.51130646,1,1.08573,1.07418
1204,2024-04-10,-1,0.51740146,1,1.07418,1.07258
1205,2024-04-11,-1,0.5168813,1,1.07258,1.06413
1206,2024-04-12,-1,0.52384406,1,1.06413,1.06225
1207,2024-04-15,-1,0.52212477,1,1.06225,1.06184
1208,2024-04-16,1,0.5242602,1,1.06184,1.06733
1209,2024-04-17,-1,0.49632558,1,1.06733,1.06416
1210,2024-04-18,1,0.52290016,1,1.06416,
