time,Actual Movement,close,Predictions,Predicted
2019-09-10,-1,1.1042,0.50539136,1
2019-09-11,1,1.10097,0.50531507,1
2019-09-12,1,1.10634,0.5052063,1
2019-09-13,-1,1.10758,0.505203,1
2019-09-16,1,1.10022,0.50525934,1
2019-09-17,-1,1.10704,0.505438,1
2019-09-18,1,1.10278,0.50539124,1
2019-09-19,-1,1.10402,0.5055238,1
2019-09-20,-1,1.10192,0.5054498,1
2019-09-23,1,1.09931,0.50530666,1
2019-09-24,-1,1.1018,0.50511724,1
2019-09-25,-1,1.09425,0.5050589,1
2019-09-26,1,1.09199,0.505174,1
2019-09-27,-1,1.09405,0.5051958,1
2019-09-30,1,1.0899,0.50528175,1
2019-10-01,1,1.09333,0.50547564,1
2019-10-02,1,1.09579,0.5053629,1
2019-10-03,1,1.09639,0.50538784,1
2019-10-04,-1,1.09763,0.505492,1
2019-10-07,-1,1.09699,0.5053419,1
2019-10-08,1,1.09559,0.5053638,1
2019-10-09,1,1.09677,0.50534314,1
2019-10-10,1,1.10047,0.50536764,1
2019-10-11,-1,1.10352,0.5053636,1
2019-10-14,1,1.10254,0.5053,1
2019-10-15,1,1.10333,0.50538546,1
2019-10-16,1,1.10729,0.5053369,1
2019-10-17,1,1.11253,0.505179,1
2019-10-18,-1,1.11699,0.505074,1
2019-10-21,-1,1.11486,0.5048825,-1
2019-10-22,1,1.11254,0.5047968,-1
2019-10-23,-1,1.11301,0.5047248,-1
2019-10-24,-1,1.11037,0.50466585,-1
2019-10-25,1,1.10793,0.5046838,-1
2019-10-28,1,1.11003,0.5046959,-1
2019-10-29,1,1.11117,0.5045984,-1
2019-10-30,-1,1.11529,0.5044741,-1
2019-10-31,1,1.11515,0.5043767,-1
2019-11-01,-1,1.11648,0.5044375,-1
2019-11-04,-1,1.11303,0.504351,-1
2019-11-05,-1,1.10735,0.5042949,-1
2019-11-06,-1,1.10662,0.5042537,-1
2019-11-07,-1,1.10504,0.5042649,-1
2019-11-08,1,1.10188,0.5044422,-1
2019-11-11,-1,1.10328,0.50477284,-1
2019-11-12,-1,1.10073,0.50499827,-1
2019-11-13,1,1.10063,0.5052504,1
2019-11-14,1,1.10193,0.5053781,1
2019-11-15,1,1.10519,0.50533134,1
2019-11-18,1,1.10722,0.5052523,1
2019-11-19,-1,1.10769,0.5051415,1
2019-11-20,-1,1.10713,0.5051158,1
2019-11-21,-1,1.10587,0.5051091,1
2019-11-22,-1,1.1019,0.5052711,1
2019-11-25,1,1.1011,0.50549066,1
2019-11-26,-1,1.10229,0.50568336,1
2019-11-27,1,1.09983,0.5058711,1
2019-11-28,1,1.10081,0.50606483,1
2019-11-29,1,1.10208,0.50604445,1
2019-12-02,1,1.10787,0.50602,1
2019-12-03,-1,1.10802,0.5058308,1
2019-12-04,1,1.10759,0.5056135,1
2019-12-05,-1,1.11039,0.5053212,1
2019-12-06,1,1.10595,0.5050448,-1
2019-12-09,1,1.10646,0.50500584,-1
2019-12-10,1,1.10956,0.5050252,-1
2019-12-11,1,1.11287,0.5051106,1
2019-12-12,-1,1.11331,0.5052143,1
2019-12-13,1,1.11173,0.50519615,1
2019-12-16,1,1.11415,0.5050725,1
2019-12-17,-1,1.11491,0.5050238,-1
2019-12-18,1,1.11149,0.50491303,-1
2019-12-19,-1,1.11181,0.5048246,-1
2019-12-20,1,1.10751,0.5046143,-1
2019-12-23,-1,1.10894,0.5046223,-1
2019-12-24,1,1.10851,0.50461686,-1
2019-12-26,1,1.1096,0.50469077,-1
2019-12-27,1,1.1176,0.5049224,-1
2019-12-30,1,1.11995,0.50483584,-1
2019-12-31,-1,1.12171,0.5046802,-1
2020-01-02,-1,1.11715,0.50452846,-1
2020-01-03,1,1.11559,0.50450975,-1
2020-01-06,-1,1.11977,0.50449413,-1
2020-01-07,-1,1.11471,0.50445735,-1
2020-01-08,1,1.11049,0.5045578,-1
2020-01-09,1,1.11056,0.5047897,-1
2020-01-10,1,1.11213,0.50487906,-1
2020-01-13,-1,1.11345,0.5050804,1
2020-01-14,1,1.11265,0.5051511,1
2020-01-15,-1,1.11499,0.5052104,1
2020-01-16,-1,1.11358,0.505052,1
2020-01-17,1,1.10895,0.50482774,-1
2020-01-20,-1,1.10968,0.5048001,-1
2020-01-21,1,1.10812,0.50481945,-1
2020-01-22,-1,1.10945,0.50506717,1
2020-01-23,-1,1.10587,0.5051933,1
2020-01-24,-1,1.1026,0.50531816,1
2020-01-27,1,1.10192,0.50553596,1
2020-01-28,-1,1.10221,0.50566983,1
2020-01-29,1,1.10084,0.50574464,1
2020-01-30,1,1.10316,0.50578177,1
2020-01-31,-1,1.10948,0.5057285,1
2020-02-03,-1,1.10607,0.5056145,1
2020-02-04,-1,1.10447,0.50558865,1
2020-02-05,-1,1.0999,0.505631,1
2020-02-06,-1,1.09807,0.50577354,1
2020-02-07,-1,1.09429,0.50586534,1
2020-02-10,1,1.09106,0.50606376,1
2020-02-11,-1,1.0917,0.50619036,1
2020-02-12,-1,1.08716,0.5063496,1
2020-02-13,-1,1.08398,0.50648737,1
2020-02-14,1,1.08306,0.50652754,1
2020-02-17,-1,1.08351,0.5064964,1
2020-02-18,1,1.07927,0.5064393,1
2020-02-19,-1,1.08069,0.5062987,1
2020-02-20,1,1.07832,0.506082,1
2020-02-21,1,1.08476,0.5062348,1
2020-02-24,1,1.08522,0.5062198,1
2020-02-25,-1,1.08815,0.50636697,1
2020-02-26,1,1.08784,0.50639665,1
2020-02-27,1,1.09998,0.50644714,1
2020-02-28,1,1.10293,0.50624007,1
2020-03-02,1,1.11313,0.5060829,1
2020-03-03,-1,1.11691,0.5058592,1
2020-03-04,1,1.11335,0.5057247,1
2020-03-05,1,1.12424,0.5057215,1
2020-03-06,1,1.12902,0.5054947,1
2020-03-09,-1,1.14412,0.5053465,1
2020-03-10,-1,1.12828,0.5049247,-1
2020-03-11,-1,1.12718,0.5049428,-1
2020-03-12,-1,1.11732,0.50453275,-1
2020-03-13,1,1.11025,0.50449115,-1
2020-03-16,-1,1.11698,0.5043658,-1
2020-03-17,-1,1.09964,0.50415874,-1
2020-03-18,-1,1.09099,0.50410044,-1
2020-03-19,1,1.06864,0.5040236,-1
2020-03-20,1,1.06935,0.50413436,-1
2020-03-23,1,1.07259,0.50414693,-1
2020-03-24,1,1.07965,0.50433683,-1
2020-03-25,1,1.08844,0.5043989,-1
2020-03-26,1,1.10335,0.5044486,-1
2020-03-27,-1,1.11431,0.5044688,-1
2020-03-30,-1,1.10413,0.5046547,-1
2020-03-31,-1,1.10348,0.5048775,-1
2020-04-01,-1,1.09658,0.50492805,-1
2020-04-02,-1,1.08592,0.5050494,-1
2020-04-03,-1,1.08127,0.5051531,1
2020-04-06,1,1.07909,0.505365,1
2020-04-07,-1,1.08906,0.5055656,1
2020-04-08,1,1.0854,0.50560594,1
2020-04-09,1,1.09326,0.5057522,1
2020-04-10,-1,1.09345,0.505605,1
2020-04-13,1,1.09091,0.50547236,1
2020-04-14,-1,1.0982,0.50533664,1
2020-04-15,-1,1.09126,0.505107,1
2020-04-16,1,1.08387,0.505131,1
2020-04-17,-1,1.08739,0.5052615,1
2020-04-20,-1,1.08641,0.5052965,1
2020-04-21,-1,1.08564,0.50547475,1
2020-04-22,-1,1.08209,0.5056413,1
2020-04-23,1,1.07764,0.50575924,1
2020-04-24,1,1.08244,0.50581235,1
2020-04-27,-1,1.08274,0.50569606,1
2020-04-28,1,1.08186,0.50573266,1
2020-04-29,1,1.08778,0.50569355,1
2020-04-30,1,1.09545,0.5056093,1
2020-05-01,-1,1.09802,0.5055214,1
2020-05-04,-1,1.0899,0.50543845,1
2020-05-05,-1,1.08342,0.5055418,1
2020-05-06,1,1.07961,0.5055789,1
2020-05-07,1,1.08335,0.50560904,1
2020-05-08,-1,1.08393,0.5056693,1
2020-05-11,1,1.08151,0.505801,1
2020-05-12,-1,1.0848,0.50594676,1
2020-05-13,-1,1.08189,0.50594014,1
2020-05-14,1,1.08022,0.5059045,1
2020-05-15,1,1.08187,0.5058781,1
2020-05-18,1,1.09167,0.5057996,1
2020-05-19,1,1.0924,0.50557417,1
2020-05-20,-1,1.09787,0.5055035,1
2020-05-21,-1,1.09495,0.5054118,1
2020-05-22,-1,1.09025,0.5055355,1
2020-05-25,1,1.08958,0.50558347,1
2020-05-26,1,1.09831,0.50558,1
2020-05-27,1,1.10082,0.5054542,1
2020-05-28,1,1.10797,0.5054527,1
2020-05-29,1,1.11078,0.50536126,1
2020-06-01,1,1.1133,0.50519735,1
2020-06-02,1,1.11679,0.5051127,1
2020-06-03,1,1.12324,0.50500274,-1
2020-06-04,-1,1.13346,0.50479674,-1
2020-06-05,1,1.12879,0.5045167,-1
2020-06-08,1,1.1292,0.50449795,-1
2020-06-09,1,1.13375,0.50448567,-1
2020-06-10,-1,1.13747,0.50451946,-1
2020-06-11,-1,1.12997,0.50454015,-1
2020-06-12,1,1.12607,0.50448674,-1
2020-06-15,-1,1.13213,0.5042673,-1
2020-06-16,-1,1.12613,0.50408745,-1
2020-06-17,-1,1.12429,0.5040608,-1
2020-06-18,-1,1.12058,0.50398666,-1
2020-06-19,1,1.11769,0.5039715,-1
2020-06-22,1,1.12652,0.50395674,-1
2020-06-23,-1,1.13067,0.50392383,-1
2020-06-24,-1,1.12486,0.50399905,-1
2020-06-25,1,1.12178,0.50417066,-1
2020-06-26,1,1.12182,0.50422496,-1
2020-06-29,-1,1.12418,0.5042424,-1
2020-06-30,1,1.12342,0.5043318,-1
2020-07-01,-1,1.12515,0.5045912,-1
2020-07-02,1,1.12397,0.5047084,-1
2020-07-03,1,1.12475,0.5047393,-1
2020-07-06,-1,1.13082,0.50482386,-1
2020-07-07,1,1.12725,0.5048029,-1
2020-07-08,-1,1.13308,0.50487757,-1
2020-07-09,1,1.12833,0.50476307,-1
2020-07-10,1,1.12969,0.5046567,-1
2020-07-13,1,1.13417,0.50454843,-1
2020-07-14,1,1.13977,0.50455666,-1
2020-07-15,-1,1.1412,0.504534,-1
2020-07-16,1,1.13832,0.5045024,-1
2020-07-17,1,1.14262,0.5044559,-1
2020-07-20,1,1.14481,0.50435627,-1
2020-07-21,1,1.15225,0.5042506,-1
2020-07-22,1,1.15693,0.5041234,-1
2020-07-23,1,1.15962,0.5039766,-1
2020-07-24,1,1.16552,0.5038156,-1
2020-07-27,-1,1.1751,0.5038185,-1
2020-07-28,1,1.17168,0.5036837,-1
2020-07-29,1,1.17924,0.50371355,-1
2020-07-30,-1,1.18479,0.50354403,-1
2020-07-31,-1,1.17721,0.5033712,-1
2020-08-03,1,1.17651,0.503311,-1
2020-08-04,1,1.18016,0.5032307,-1
2020-08-05,1,1.18647,0.50318927,-1
2020-08-06,-1,1.18775,0.5030561,-1
2020-08-07,-1,1.17859,0.5029606,-1
2020-08-10,1,1.1737,0.5029153,-1
2020-08-11,1,1.17398,0.50281626,-1
2020-08-12,1,1.17871,0.5027227,-1
2020-08-13,1,1.1815,0.50267404,-1
2020-08-14,1,1.18413,0.5026962,-1
2020-08-17,1,1.18721,0.5027702,-1
2020-08-18,-1,1.1935,0.50279933,-1
2020-08-19,1,1.184,0.5027815,-1
2020-08-20,-1,1.18611,0.50295967,-1
2020-08-21,-1,1.17968,0.50291926,-1
2020-08-24,1,1.17877,0.5029404,-1
2020-08-25,-1,1.18348,0.5029499,-1
2020-08-26,-1,1.18299,0.5030073,-1
2020-08-27,1,1.18219,0.5032732,-1
2020-08-28,1,1.19059,0.5033634,-1
2020-08-31,-1,1.19374,0.5032353,-1
2020-09-01,-1,1.19123,0.5031161,-1
2020-09-02,-1,1.18551,0.50304025,-1
2020-09-03,-1,1.18523,0.50299954,-1
2020-09-04,-1,1.18395,0.5029346,-1
2020-09-07,-1,1.18133,0.5029811,-1
2020-09-08,1,1.17743,0.5032857,-1
2020-09-09,1,1.18045,0.5034807,-1
2020-09-10,1,1.1815,0.50364214,-1
2020-09-11,1,1.18462,0.5037309,-1
2020-09-14,-1,1.1863,0.50366354,-1
2020-09-15,-1,1.18461,0.50360906,-1
2020-09-16,1,1.18153,0.50353414,-1
2020-09-17,-1,1.18467,0.5033751,-1
2020-09-18,-1,1.18417,0.5032517,-1
2020-09-21,-1,1.17732,0.5033381,-1
2020-09-22,-1,1.17093,0.5036187,-1
2020-09-23,1,1.16609,0.5038155,-1
2020-09-24,-1,1.16674,0.5040277,-1
2020-09-25,1,1.16296,0.5041981,-1
2020-09-28,1,1.16663,0.5043653,-1
2020-09-29,-1,1.17424,0.50425875,-1
2020-09-30,1,1.17214,0.5040858,-1
2020-10-01,-1,1.17455,0.50399214,-1
2020-10-02,1,1.17167,0.50384355,-1
2020-10-05,-1,1.17858,0.50386393,-1
2020-10-06,1,1.1732,0.50379515,-1
2020-10-07,-1,1.17644,0.5038394,-1
2020-10-08,1,1.17586,0.5038739,-1
2020-10-09,-1,1.18293,0.50410366,-1
2020-10-12,-1,1.18135,0.5041505,-1
2020-10-13,1,1.17462,0.50423247,-1
2020-10-14,-1,1.17468,0.5042159,-1
2020-10-15,1,1.17077,0.5040546,-1
2020-10-16,1,1.17163,0.5038426,-1
2020-10-19,1,1.1771,0.50359327,-1
2020-10-20,1,1.18237,0.50349915,-1
2020-10-21,-1,1.18588,0.5033967,-1
2020-10-22,1,1.18187,0.5033314,-1
2020-10-23,-1,1.186,0.50322807,-1
2020-10-26,-1,1.18095,0.50313824,-1
2020-10-27,-1,1.17977,0.5031049,-1
2020-10-28,-1,1.17469,0.5030659,-1
2020-10-29,-1,1.16722,0.5030187,-1
2020-10-30,-1,1.16466,0.5031685,-1
2020-11-02,1,1.16393,0.5033922,-1
2020-11-03,1,1.17207,0.5035763,-1
2020-11-04,1,1.1725,0.5036792,-1
2020-11-05,1,1.183,0.5037107,-1
2020-11-06,-1,1.18751,0.50343126,-1
2020-11-09,1,1.1812,0.503197,-1
2020-11-10,-1,1.18167,0.5030591,-1
2020-11-11,1,1.17791,0.5030319,-1
2020-11-12,1,1.18053,0.5030198,-1
2020-11-13,1,1.1833,0.5031247,-1
2020-11-16,1,1.18557,0.5032458,-1
2020-11-17,-1,1.18617,0.50345474,-1
2020-11-18,1,1.1855,0.5036468,-1
2020-11-19,-1,1.18764,0.5037386,-1
2020-11-20,-1,1.18594,0.5036052,-1
2020-11-23,1,1.18409,0.5032877,-1
2020-11-24,1,1.18906,0.5030917,-1
2020-11-25,-1,1.19128,0.502756,-1
2020-11-26,1,1.19111,0.5026627,-1
2020-11-27,-1,1.19606,0.5027791,-1
2020-11-30,1,1.19252,0.50276035,-1
2020-12-01,1,1.20691,0.5028371,-1
2020-12-02,1,1.21173,0.5026285,-1
2020-12-03,-1,1.21468,0.50255996,-1
2020-12-04,-1,1.21205,0.50249386,-1
2020-12-07,-1,1.21087,0.50249565,-1
2020-12-08,-1,1.21057,0.50247854,-1
2020-12-09,1,1.20818,0.50243896,-1
2020-12-10,-1,1.2142,0.50250053,-1
2020-12-11,1,1.21131,0.5024256,-1
2020-12-14,1,1.21451,0.502306,-1
2020-12-15,1,1.21556,0.5022038,-1
2020-12-16,1,1.22001,0.50217205,-1
2020-12-17,-1,1.22708,0.5020435,-1
2020-12-18,-1,1.22541,0.50201315,-1
2020-12-21,-1,1.22348,0.5018853,-1
2020-12-22,1,1.21648,0.5018148,-1
2020-12-23,1,1.2182,0.50184095,-1
2020-12-24,1,1.21845,0.5018772,-1
2020-12-25,1,1.21959,0.5019615,-1
2020-12-28,1,1.22135,0.50206876,-1
2020-12-29,1,1.22511,0.5021477,-1
2020-12-30,-1,1.22994,0.5020525,-1
2020-12-31,1,1.22178,0.50205636,-1
2021-01-04,1,1.22506,0.5020359,-1
2021-01-05,1,1.22963,0.50188774,-1
2021-01-06,-1,1.23269,0.50178427,-1
2021-01-07,-1,1.22696,0.5017604,-1
2021-01-08,-1,1.22219,0.5019016,-1
2021-01-11,1,1.21511,0.5020093,-1
2021-01-12,-1,1.22072,0.502226,-1
2021-01-13,-1,1.21561,0.5022709,-1
2021-01-14,-1,1.21541,0.50250727,-1
2021-01-15,1,1.20771,0.50254524,-1
2021-01-18,1,1.20782,0.50255114,-1
2021-01-19,-1,1.21282,0.5024577,-1
2021-01-20,1,1.21056,0.5024098,-1
2021-01-21,1,1.21697,0.50266224,-1
2021-01-22,-1,1.21707,0.50253934,-1
2021-01-25,1,1.21416,0.502504,-1
2021-01-26,-1,1.21617,0.50252557,-1
2021-01-27,1,1.21115,0.50268584,-1
2021-01-28,1,1.21217,0.5029479,-1
2021-01-29,-1,1.21356,0.50318515,-1
2021-02-01,-1,1.206,0.50324696,-1
2021-02-02,-1,1.20432,0.50350183,-1
2021-02-03,-1,1.20352,0.5035747,-1
2021-02-04,1,1.19623,0.5037111,-1
2021-02-05,1,1.20495,0.503772,-1
2021-02-08,1,1.20503,0.5035294,-1
2021-02-09,-1,1.21201,0.50348645,-1
2021-02-10,1,1.21177,0.5032178,-1
2021-02-11,-1,1.21324,0.5031223,-1
2021-02-12,1,1.21191,0.5030306,-1
2021-02-15,-1,1.21267,0.5029689,-1
2021-02-16,-1,1.21055,0.5029922,-1
2021-02-17,1,1.20418,0.50298244,-1
2021-02-18,1,1.2092,0.50307983,-1
2021-02-19,1,1.21176,0.50319797,-1
2021-02-22,-1,1.21562,0.5032911,-1
2021-02-23,1,1.21484,0.50329465,-1
2021-02-24,1,1.21701,0.5032244,-1
2021-02-25,-1,1.21733,0.5028091,-1
2021-02-26,-1,1.20726,0.5025555,-1
2021-03-01,1,1.20486,0.5023976,-1
2021-03-02,-1,1.20894,0.5023479,-1
2021-03-03,-1,1.20627,0.50232166,-1
2021-03-04,-1,1.19728,0.50250316,-1
2021-03-05,-1,1.19123,0.50266474,-1
2021-03-08,1,1.18451,0.5028232,-1
2021-03-09,1,1.18996,0.5030183,-1
2021-03-10,1,1.19281,0.50288785,-1
2021-03-11,-1,1.19855,0.50284916,-1
2021-03-12,-1,1.19521,0.5027254,-1
2021-03-15,-1,1.19307,0.5027456,-1
2021-03-16,1,1.19028,0.50271636,-1
2021-03-17,-1,1.19807,0.5028596,-1
2021-03-18,-1,1.19175,0.50317305,-1
2021-03-19,1,1.19046,0.5035409,-1
2021-03-22,-1,1.19347,0.5036186,-1
2021-03-23,-1,1.18486,0.5037281,-1
2021-03-24,-1,1.18108,0.50398946,-1
2021-03-25,1,1.1766,0.50410897,-1
2021-03-26,-1,1.17935,0.5041348,-1
2021-03-29,-1,1.17648,0.5039935,-1
2021-03-30,1,1.17177,0.5039197,-1
2021-03-31,1,1.17293,0.5038236,-1
2021-04-01,-1,1.17769,0.5038376,-1
2021-04-02,1,1.17614,0.5038451,-1
2021-04-05,1,1.18121,0.50391966,-1
2021-04-06,-1,1.18743,0.50374115,-1
2021-04-07,1,1.18701,0.50374615,-1
2021-04-08,-1,1.19159,0.5037477,-1
2021-04-09,1,1.19009,0.50363725,-1
2021-04-12,1,1.19103,0.5037641,-1
2021-04-13,1,1.19492,0.50379527,-1
2021-04-14,-1,1.19808,0.50375956,-1
2021-04-15,1,1.1966,0.50363857,-1
2021-04-16,1,1.19812,0.50363815,-1
2021-04-19,1,1.20355,0.5035514,-1
2021-04-20,-1,1.20358,0.5033256,-1
2021-04-21,-1,1.20348,0.5030848,-1
2021-04-22,1,1.20158,0.5029389,-1
2021-04-23,-1,1.20976,0.5026805,-1
2021-04-26,-1,1.20921,0.50240165,-1
2021-04-27,1,1.20909,0.5023439,-1
2021-04-28,-1,1.21238,0.50224715,-1
2021-04-29,-1,1.21207,0.5021972,-1
2021-04-30,1,1.20209,0.502138,-1
2021-05-03,-1,1.20624,0.50208867,-1
2021-05-04,-1,1.20152,0.5019633,-1
2021-05-05,1,1.20042,0.50202495,-1
2021-05-06,1,1.20633,0.5020175,-1
2021-05-07,-1,1.2162,0.5019636,-1
2021-05-10,1,1.21281,0.50198996,-1
2021-05-11,-1,1.21481,0.5021053,-1
2021-05-12,1,1.20731,0.5021035,-1
2021-05-13,1,1.20795,0.5020171,-1
2021-05-14,1,1.21445,0.5019844,-1
2021-05-17,1,1.21519,0.5019922,-1
2021-05-18,-1,1.22227,0.5020923,-1
2021-05-19,1,1.21759,0.50221217,-1
2021-05-20,-1,1.22259,0.50252974,-1
2021-05-21,1,1.21806,0.5024002,-1
2021-05-24,1,1.22158,0.50251395,-1
2021-05-25,-1,1.22493,0.5024608,-1
2021-05-26,1,1.21924,0.50226104,-1
2021-05-27,-1,1.2193,0.5021742,-1
2021-05-28,1,1.21895,0.5021635,-1
2021-05-31,-1,1.22256,0.5021564,-1
2021-06-01,-1,1.2212,0.50225323,-1
2021-06-02,-1,1.22098,0.5022789,-1
2021-06-03,1,1.21279,0.5021777,-1
2021-06-04,1,1.21662,0.5021668,-1
2021-06-07,-1,1.21904,0.50201946,-1
2021-06-08,1,1.21729,0.5021067,-1
2021-06-09,-1,1.21792,0.50217956,-1
2021-06-10,-1,1.21762,0.5022743,-1
2021-06-11,1,1.21063,0.5022445,-1
2021-06-14,1,1.21186,0.50231445,-1
2021-06-15,-1,1.21263,0.5024558,-1
2021-06-16,-1,1.19973,0.5025649,-1
2021-06-17,-1,1.19067,0.50280434,-1
2021-06-18,1,1.18597,0.50286293,-1
2021-06-21,1,1.19184,0.50296366,-1
2021-06-22,-1,1.1941,0.50302494,-1
2021-06-23,1,1.19277,0.5033035,-1
2021-06-24,1,1.19313,0.5033403,-1
2021-06-25,-1,1.19373,0.50334936,-1
2021-06-28,-1,1.1923,0.5033557,-1
2021-06-29,-1,1.18971,0.5033881,-1
2021-06-30,-1,1.186,0.5035264,-1
2021-07-01,1,1.18492,0.5038191,-1
2021-07-02,-1,1.18646,0.5039293,-1
2021-07-05,-1,1.18619,0.5040637,-1
2021-07-06,-1,1.18221,0.50426835,-1
2021-07-07,1,1.17914,0.50434244,-1
2021-07-08,1,1.18453,0.50430363,-1
2021-07-09,-1,1.18774,0.5040965,-1
2021-07-12,-1,1.18607,0.5039758,-1
2021-07-13,1,1.17768,0.5039561,-1
2021-07-14,-1,1.18375,0.503969,-1
2021-07-15,-1,1.18115,0.50385565,-1
2021-07-16,-1,1.18057,0.5039881,-1
2021-07-19,-1,1.18,0.5041287,-1
2021-07-20,1,1.17811,0.5042438,-1
2021-07-21,-1,1.17937,0.50429726,-1
2021-07-22,-1,1.17701,0.5042164,-1
2021-07-23,1,1.17694,0.50423867,-1
2021-07-26,1,1.18026,0.50424683,-1
2021-07-27,1,1.18155,0.5041447,-1
2021-07-28,1,1.18438,0.50385517,-1
2021-07-29,-1,1.18852,0.50366163,-1
2021-07-30,-1,1.18731,0.50354654,-1
2021-08-02,-1,1.18719,0.50358796,-1
2021-08-03,-1,1.1864,0.503423,-1
2021-08-04,-1,1.18379,0.50345755,-1
2021-08-05,-1,1.18309,0.50350636,-1
2021-08-06,-1,1.17612,0.5035629,-1
2021-08-09,-1,1.17355,0.5037177,-1
2021-08-10,1,1.17204,0.50375575,-1
2021-08-11,-1,1.17405,0.5038717,-1
2021-08-12,1,1.17341,0.503855,-1
2021-08-13,-1,1.17961,0.5037449,-1
2021-08-16,-1,1.17762,0.5035273,-1
2021-08-17,1,1.17097,0.5033863,-1
2021-08-18,-1,1.17106,0.5032791,-1
2021-08-19,1,1.16779,0.5032412,-1
2021-08-20,1,1.16996,0.5033425,-1
2021-08-23,1,1.17444,0.5035136,-1
2021-08-24,1,1.17572,0.5037371,-1
2021-08-25,-1,1.17724,0.5039083,-1
2021-08-26,1,1.17517,0.5041551,-1
2021-08-27,1,1.17959,0.504302,-1
2021-08-30,1,1.1797,0.50420946,-1
2021-08-31,1,1.1809,0.50400114,-1
2021-09-01,1,1.18388,0.5037873,-1
2021-09-02,1,1.18757,0.5034081,-1
2021-09-03,-1,1.18775,0.5033977,-1
2021-09-06,-1,1.18688,0.5035297,-1
2021-09-07,-1,1.18425,0.5035764,-1
2021-09-08,1,1.18176,0.50361836,-1
2021-09-09,-1,1.18231,0.50348353,-1
2021-09-10,-1,1.18109,0.50325036,-1
2021-09-13,-1,1.18107,0.5031562,-1
2021-09-14,1,1.18046,0.5030637,-1
2021-09-15,-1,1.18156,0.5030198,-1
2021-09-16,-1,1.17687,0.5028156,-1
2021-09-17,1,1.17258,0.502824,-1
2021-09-20,-1,1.17278,0.50280786,-1
2021-09-21,-1,1.17254,0.5028194,-1
2021-09-22,1,1.169,0.5029191,-1
2021-09-23,-1,1.17396,0.5031006,-1
2021-09-24,-1,1.17211,0.50322825,-1
2021-09-27,-1,1.16961,0.5034789,-1
2021-09-28,-1,1.16836,0.5036696,-1
2021-09-29,-1,1.15961,0.5037396,-1
2021-09-30,1,1.15757,0.5039272,-1
2021-10-01,1,1.15931,0.504048,-1
2021-10-04,-1,1.16194,0.5041537,-1
2021-10-05,-1,1.15974,0.5042083,-1
2021-10-06,-1,1.15573,0.504552,-1
2021-10-07,1,1.15532,0.50477284,-1
2021-10-08,-1,1.1574,0.50483584,-1
2021-10-11,-1,1.1554,0.5048069,-1
2021-10-12,1,1.15305,0.504811,-1
2021-10-13,1,1.15952,0.50461495,-1
2021-10-14,1,1.15972,0.5045723,-1
2021-10-15,1,1.15984,0.5046656,-1
2021-10-18,1,1.16113,0.50475097,-1
2021-10-19,1,1.16324,0.5047921,-1
2021-10-20,-1,1.16503,0.504672,-1
2021-10-21,1,1.16229,0.5044398,-1
2021-10-22,-1,1.1644,0.5043034,-1
2021-10-25,-1,1.16102,0.50420773,-1
2021-10-26,1,1.15974,0.5042421,-1
2021-10-27,1,1.1603,0.50422525,-1
2021-10-28,-1,1.16845,0.5041164,-1
2021-10-29,1,1.15623,0.5039828,-1
2021-11-01,-1,1.16071,0.50409013,-1
2021-11-02,1,1.1579,0.503728,-1
2021-11-03,-1,1.16112,0.50372654,-1
2021-11-04,1,1.1554,0.5036138,-1
2021-11-05,1,1.15669,0.5036129,-1
2021-11-08,1,1.1587,0.5035114,-1
2021-11-09,-1,1.15944,0.5034785,-1
2021-11-10,-1,1.14768,0.5035829,-1
2021-11-11,-1,1.14488,0.503682,-1
2021-11-12,-1,1.14432,0.50382334,-1
2021-11-15,-1,1.13687,0.50394064,-1
2021-11-16,1,1.13184,0.50407684,-1
2021-11-17,1,1.13226,0.5040897,-1
2021-11-18,-1,1.1373,0.50436497,-1
2021-11-19,-1,1.12832,0.50435495,-1
2021-11-22,1,1.12364,0.5045477,-1
2021-11-23,-1,1.12492,0.5045523,-1
2021-11-24,1,1.1199,0.5046548,-1
2021-11-25,1,1.12067,0.50474817,-1
2021-11-26,-1,1.13227,0.50481725,-1
2021-11-29,1,1.12925,0.5047906,-1
2021-11-30,-1,1.13397,0.5050596,1
2021-12-01,-1,1.13192,0.5051157,1
2021-12-02,1,1.13,0.50518984,1
2021-12-03,-1,1.1309,0.50523406,1
2021-12-06,-1,1.12842,0.5051719,1
2021-12-07,1,1.12688,0.5050808,1
2021-12-08,-1,1.13442,0.504908,-1
2021-12-09,1,1.12925,0.50481856,-1
2021-12-10,-1,1.13169,0.5049287,-1
2021-12-13,-1,1.12865,0.5048442,-1
2021-12-14,1,1.12564,0.5048452,-1
2021-12-15,1,1.12936,0.5047367,-1
2021-12-16,-1,1.13317,0.50435454,-1
2021-12-17,1,1.12377,0.5043112,-1
2021-12-20,1,1.12769,0.5043506,-1
2021-12-21,1,1.12809,0.50432414,-1
2021-12-22,-1,1.13281,0.50439477,-1
2021-12-23,-1,1.13278,0.504401,-1
2021-12-24,1,1.1317,0.504457,-1
2021-12-27,-1,1.13263,0.5043764,-1
2021-12-28,1,1.13087,0.5041624,-1
2021-12-29,-1,1.13476,0.5042107,-1
2021-12-30,1,1.13246,0.5041304,-1
2021-12-31,-1,1.13779,0.5042063,-1
2022-01-03,-1,1.12977,0.50416017,-1
2022-01-04,1,1.1286,0.5041754,-1
2022-01-05,-1,1.13129,0.5041503,-1
2022-01-06,1,1.12985,0.50426775,-1
2022-01-07,-1,1.13594,0.5043323,-1
2022-01-10,1,1.13295,0.50430095,-1
2022-01-11,1,1.1369,0.50425696,-1
2022-01-12,1,1.14402,0.50414026,-1
2022-01-13,-1,1.14547,0.5040162,-1
2022-01-14,-1,1.14157,0.5039911,-1
2022-01-17,-1,1.14051,0.5039984,-1
2022-01-18,1,1.13276,0.50389344,-1
2022-01-19,-1,1.13436,0.5039744,-1
2022-01-20,1,1.131,0.5039131,-1
2022-01-21,-1,1.13422,0.5041936,-1
2022-01-24,-1,1.13253,0.50429606,-1
2022-01-25,-1,1.13027,0.5044039,-1
2022-01-26,-1,1.12421,0.5044786,-1
2022-01-27,1,1.11438,0.50444615,-1
2022-01-28,1,1.11474,0.5045359,-1
2022-01-31,1,1.12334,0.504444,-1
2022-02-01,1,1.12729,0.50433046,-1
2022-02-02,1,1.13053,0.5043731,-1
2022-02-03,1,1.14392,0.5044868,-1
2022-02-04,-1,1.14517,0.50441396,-1
2022-02-07,-1,1.14393,0.5044728,-1
2022-02-08,1,1.14172,0.5044032,-1
2022-02-09,1,1.14233,0.50437653,-1
2022-02-10,-1,1.14289,0.5042866,-1
2022-02-11,-1,1.13476,0.5043394,-1
2022-02-14,1,1.13077,0.504525,-1
2022-02-15,1,1.13596,0.50470513,-1
2022-02-16,-1,1.13738,0.5047098,-1
2022-02-17,-1,1.13617,0.5046243,-1
2022-02-18,-1,1.13229,0.50435203,-1
2022-02-21,1,1.13111,0.5042049,-1
2022-02-22,-1,1.13256,0.50403416,-1
2022-02-23,-1,1.1303,0.5038402,-1
2022-02-24,1,1.11931,0.503859,-1
2022-02-25,-1,1.1272,0.5040432,-1
2022-02-28,-1,1.12197,0.5040586,-1
2022-03-01,1,1.11237,0.50420755,-1
2022-03-02,-1,1.11244,0.5043622,-1
2022-03-03,-1,1.10662,0.5045612,-1
2022-03-04,-1,1.09308,0.50474656,-1
2022-03-07,1,1.08523,0.5048654,-1
2022-03-08,1,1.09025,0.5049686,-1
2022-03-09,-1,1.1073,0.50502104,-1
2022-03-10,-1,1.09879,0.50505733,1
2022-03-11,1,1.09141,0.5052593,1
2022-03-14,1,1.09394,0.50533813,1
2022-03-15,1,1.09463,0.50539744,1
2022-03-16,1,1.10361,0.50547475,1
2022-03-17,-1,1.10909,0.5053304,1
2022-03-18,-1,1.10493,0.50535303,1
2022-03-21,1,1.10163,0.50546706,1
2022-03-22,-1,1.10302,0.50549096,1
2022-03-23,-1,1.10088,0.5054762,1
2022-03-24,-1,1.09977,0.50548714,1
2022-03-25,1,1.09852,0.50541633,1
2022-03-28,1,1.09857,0.5052192,1
2022-03-29,1,1.10874,0.5050065,-1
2022-03-30,-1,1.11596,0.50486696,-1
2022-03-31,-1,1.10669,0.5048176,-1
2022-04-01,-1,1.10453,0.50486964,-1
2022-04-04,-1,1.09731,0.5047665,-1
2022-04-05,-1,1.09053,0.5047304,-1
2022-04-06,-1,1.08976,0.5047976,-1
2022-04-07,-1,1.08818,0.5049647,-1
2022-04-08,1,1.0875,0.5051566,1
2022-04-11,-1,1.08836,0.505278,1
2022-04-12,1,1.08272,0.5053685,1
2022-04-13,-1,1.08915,0.50546604,1
2022-04-14,-1,1.0831,0.5054051,1
2022-04-15,-1,1.08086,0.5054361,1
2022-04-18,1,1.07811,0.5053001,1
2022-04-19,1,1.07905,0.5053361,1
2022-04-20,-1,1.08519,0.50553024,1
2022-04-21,-1,1.08352,0.5056322,1
2022-04-22,-1,1.08012,0.5058536,1
2022-04-25,-1,1.07111,0.5060685,1
2022-04-26,-1,1.06373,0.5062466,1
2022-04-27,-1,1.05606,0.50635445,1
2022-04-28,1,1.04992,0.506471,1
2022-04-29,-1,1.05464,0.5065306,1
2022-05-02,1,1.05077,0.5064989,1
2022-05-03,1,1.05223,0.50648475,1
2022-05-04,-1,1.06218,0.50655466,1
2022-05-05,1,1.05411,0.50648636,1
2022-05-06,1,1.0544,0.50655395,1
2022-05-09,-1,1.05603,0.50643814,1
2022-05-10,-1,1.05286,0.5062988,1
2022-05-11,-1,1.05129,0.5064065,1
2022-05-12,1,1.03817,0.5065621,1
2022-05-13,1,1.04081,0.50685656,1
2022-05-16,1,1.04347,0.5069349,1
2022-05-17,-1,1.05505,0.50698894,1
2022-05-18,1,1.04645,0.50686413,1
2022-05-19,-1,1.0584,0.50684047,1
2022-05-20,1,1.0559,0.50653046,1
2022-05-23,1,1.06918,0.5063828,1
2022-05-24,-1,1.07359,0.5059747,1
2022-05-25,1,1.06802,0.5058995,1
2022-05-26,1,1.07287,0.5059041,1
2022-05-27,1,1.07312,0.5058108,1
2022-05-30,-1,1.07799,0.50584877,1
2022-05-31,-1,1.0734,0.50585294,1
2022-06-01,1,1.06527,0.5059507,1
2022-06-02,-1,1.07498,0.50591546,1
2022-06-03,-1,1.07169,0.5056497,1
2022-06-06,1,1.0693,0.5055202,1
2022-06-07,1,1.07063,0.5055427,1
2022-06-08,-1,1.07166,0.50536984,1
2022-06-09,-1,1.06192,0.5053703,1
2022-06-10,-1,1.05211,0.5053582,1
2022-06-13,1,1.04089,0.5053823,1
2022-06-14,1,1.04173,0.5055353,1
2022-06-15,1,1.04449,0.50560445,1
2022-06-16,-1,1.05524,0.5057549,1
2022-06-17,1,1.04967,0.50578696,1
2022-06-20,1,1.05103,0.5060026,1
2022-06-21,1,1.05353,0.5061079,1
2022-06-22,-1,1.05679,0.50603306,1
2022-06-23,1,1.05217,0.50603086,1
2022-06-24,1,1.05539,0.5061051,1
2022-06-27,-1,1.05831,0.5060609,1
2022-06-28,-1,1.05213,0.5061041,1
2022-06-29,1,1.04417,0.506364,1
2022-06-30,-1,1.04833,0.506574,1
2022-07-01,-1,1.04266,0.50660443,1
2022-07-04,-1,1.04221,0.5067146,1
2022-07-05,-1,1.02656,0.5066344,1
2022-07-06,-1,1.01838,0.506653,1
2022-07-07,1,1.01627,0.5067272,1
2022-07-08,-1,1.01835,0.5067827,1
2022-07-11,-1,1.00415,0.50679827,1
2022-07-12,1,1.00366,0.5069623,1
2022-07-13,-1,1.00575,0.5070448,1
2022-07-14,1,1.00217,0.50706583,1
2022-07-15,1,1.0086,0.5072004,1
2022-07-18,1,1.01457,0.5072726,1
2022-07-19,-1,1.02265,0.5073939,1
2022-07-20,1,1.01796,0.5073524,1
2022-07-21,-1,1.02269,0.50747377,1
2022-07-22,1,1.01979,0.50743693,1
2022-07-25,-1,1.02216,0.50748765,1
2022-07-26,1,1.01162,0.50753933,1
2022-07-27,-1,1.02008,0.5076779,1
2022-07-28,1,1.01987,0.5074842,1
2022-07-29,1,1.02264,0.5074426,1
2022-08-01,-1,1.02584,0.5073494,1
2022-08-02,1,1.0167,0.50716865,1
2022-08-03,1,1.01688,0.5071023,1
2022-08-04,-1,1.02454,0.50685585,1
2022-08-05,1,1.0178,0.50662214,1
2022-08-08,1,1.01957,0.5066551,1
2022-08-09,1,1.0213,0.50672394,1
2022-08-10,1,1.02972,0.5067756,1
2022-08-11,-1,1.03243,0.5068341,1
2022-08-12,-1,1.02567,0.5069304,1
2022-08-15,1,1.01585,0.50710106,1
2022-08-16,1,1.01701,0.50697964,1
2022-08-17,-1,1.01778,0.50689244,1
2022-08-18,-1,1.00882,0.5069489,1
2022-08-19,-1,1.00394,0.50712895,1
2022-08-22,1,0.99411,0.5073702,1
2022-08-23,1,0.99681,0.5075562,1
2022-08-24,1,0.99688,0.5075384,1
2022-08-25,-1,0.99724,0.5077216,1
2022-08-26,1,0.99651,0.50774866,1
2022-08-29,1,0.99974,0.5077105,1
2022-08-30,1,1.00155,0.5075842,1
2022-08-31,-1,1.00525,0.5076349,1
2022-09-01,1,0.99476,0.50784606,1
2022-09-02,-1,0.99574,0.50814503,1
2022-09-05,-1,0.99287,0.50818443,1
2022-09-06,1,0.99039,0.5083305,1
2022-09-07,1,0.99886,0.5085621,1
2022-09-08,1,0.99989,0.50859964,1
2022-09-09,1,1.00462,0.5086399,1
2022-09-12,-1,1.01236,0.5085056,1
2022-09-13,1,0.99682,0.50829744,1
2022-09-14,1,0.99783,0.5082169,1
2022-09-15,1,0.99947,0.508007,1
2022-09-16,1,1.00133,0.50789106,1
2022-09-19,-1,1.00241,0.50790435,1
2022-09-20,-1,0.99685,0.50799876,1
2022-09-21,-1,0.98397,0.5082488,1
2022-09-22,-1,0.98333,0.50835097,1
2022-09-23,-1,0.96889,0.5083582,1
2022-09-26,-1,0.96074,0.50848085,1
2022-09-27,1,0.95914,0.50835854,1
2022-09-28,1,0.97345,0.5082915,1
2022-09-29,-1,0.98078,0.50810975,1
2022-09-30,1,0.97997,0.5081375,1
2022-10-03,1,0.98241,0.50847274,1
2022-10-04,-1,0.9986,0.50849456,1
2022-10-05,-1,0.9892,0.508358,1
2022-10-06,-1,0.97912,0.50842446,1
2022-10-07,-1,0.97381,0.50844884,1
2022-10-10,-1,0.97058,0.5085376,1
2022-10-11,1,0.97031,0.50866497,1
2022-10-12,1,0.97033,0.5086953,1
2022-10-13,-1,0.97769,0.5087794,1
2022-10-14,1,0.97237,0.508679,1
2022-10-17,1,0.98444,0.5086147,1
2022-10-18,-1,0.98585,0.50819063,1
2022-10-19,1,0.97725,0.508023,1
2022-10-20,1,0.97869,0.5080195,1
2022-10-21,1,0.98629,0.5078808,1
2022-10-24,1,0.98752,0.5076868,1
2022-10-25,1,0.99675,0.50789297,1
2022-10-26,-1,1.00833,0.50808203,1
2022-10-27,1,0.99636,0.50805336,1
2022-10-28,-1,0.9966,0.5079848,1
2022-10-31,-1,0.98828,0.50773466,1
2022-11-01,-1,0.98744,0.5076552,1
2022-11-02,-1,0.98132,0.5074854,1
2022-11-03,1,0.97485,0.50760275,1
2022-11-04,1,0.99593,0.5076719,1
2022-11-07,1,1.00205,0.5075494,1
2022-11-08,-1,1.00726,0.50775236,1
2022-11-09,1,1.00133,0.5077371,1
2022-11-10,1,1.02052,0.5075793,1
2022-11-11,-1,1.03537,0.50735414,1
2022-11-14,1,1.03302,0.50726485,1
2022-11-15,1,1.03481,0.5072805,1
2022-11-16,-1,1.03917,0.5073263,1
2022-11-17,-1,1.03663,0.5073073,1
2022-11-18,-1,1.03197,0.5073953,1
2022-11-21,1,1.02389,0.5073636,1
2022-11-22,1,1.03021,0.5073221,1
2022-11-23,1,1.03939,0.50716686,1
2022-11-24,-1,1.04121,0.5068361,1
2022-11-25,-1,1.0385,0.5068796,1
2022-11-28,-1,1.03408,0.50694126,1
2022-11-29,1,1.03282,0.50681794,1
2022-11-30,1,1.04054,0.50656873,1
2022-12-01,1,1.05259,0.5063228,1
2022-12-02,-1,1.05409,0.5062764,1
2022-12-05,-1,1.04925,0.50629425,1
2022-12-06,1,1.04661,0.5063839,1
2022-12-07,1,1.05059,0.5064859,1
2022-12-08,-1,1.05563,0.50655943,1
2022-12-09,1,1.05339,0.5066391,1
2022-12-12,1,1.05381,0.5065672,1
2022-12-13,1,1.06325,0.50644535,1
2022-12-14,-1,1.0683,0.5063791,1
2022-12-15,-1,1.06274,0.50635463,1
2022-12-16,1,1.05897,0.50630057,1
2022-12-19,1,1.06078,0.50617105,1
2022-12-20,-1,1.06288,0.50592107,1
2022-12-21,-1,1.06057,0.50578135,1
2022-12-22,1,1.0597,0.50588906,1
2022-12-23,1,1.06168,0.50600797,1
2022-12-27,-1,1.06374,0.506,1
2022-12-28,1,1.06125,0.505948,1
2022-12-29,1,1.0661,0.50598943,1
2022-12-30,-1,1.06999,0.50597036,1
2023-01-02,-1,1.0659,0.5059235,1
2023-01-03,1,1.0548,0.5059044,1
2023-01-04,-1,1.06049,0.5058943,1
2023-01-05,1,1.05203,0.50588465,1
2023-01-06,1,1.06428,0.50601196,1
2023-01-09,1,1.07335,0.50594497,1
2023-01-10,1,1.07338,0.50591725,1
2023-01-11,1,1.07563,0.50602645,1
2023-01-12,-1,1.085,0.50592464,1
2023-01-13,-1,1.08326,0.50569206,1
2023-01-16,-1,1.08218,0.50562614,1
2023-01-17,1,1.079,0.5056411,1
2023-01-18,1,1.07953,0.5055514,1
2023-01-19,1,1.08306,0.50548357,1
2023-01-20,1,1.08557,0.50563174,1
2023-01-23,1,1.08711,0.5056514,1
2023-01-24,1,1.0888,0.50549465,1
2023-01-25,-1,1.09156,0.5054689,1
2023-01-26,-1,1.08935,0.5052885,1
2023-01-27,-1,1.08674,0.5052293,1
2023-01-30,1,1.08508,0.50522625,1
2023-01-31,1,1.08642,0.50519145,1
2023-02-01,-1,1.09884,0.5050798,1
2023-02-02,-1,1.09099,0.505047,-1
2023-02-03,-1,1.07932,0.50516266,1
2023-02-06,1,1.07247,0.5051619,1
2023-02-07,-1,1.07272,0.5051392,1
2023-02-08,1,1.07151,0.5051763,1
2023-02-09,-1,1.07378,0.50531566,1
2023-02-10,1,1.06781,0.5053984,1
2023-02-13,1,1.07242,0.5055394,1
2023-02-14,-1,1.07361,0.505562,1
2023-02-15,-1,1.06878,0.50566614,1
2023-02-16,1,1.06731,0.5058309,1
2023-02-17,-1,1.06936,0.5058819,1
2023-02-20,-1,1.0686,0.50585425,1
2023-02-21,-1,1.06452,0.5058877,1
2023-02-22,-1,1.06048,0.5061813,1
2023-02-23,-1,1.05963,0.50646037,1
2023-02-24,1,1.05446,0.5066588,1
2023-02-27,-1,1.06097,0.5068533,1
2023-02-28,1,1.05744,0.5068168,1
2023-03-01,-1,1.06692,0.5068112,1
2023-03-02,1,1.05971,0.50662374,1
2023-03-03,1,1.06331,0.5065859,1
2023-03-06,-1,1.06829,0.50645715,1
2023-03-07,-1,1.05497,0.50645876,1
2023-03-08,1,1.05442,0.5066012,1
2023-03-09,1,1.05817,0.5065647,1
2023-03-10,1,1.06383,0.50659937,1
2023-03-13,1,1.07308,0.50660026,1
2023-03-14,-1,1.07323,0.50645995,1
2023-03-15,1,1.05762,0.50631565,1
2023-03-16,1,1.06157,0.50626165,1
2023-03-17,1,1.06651,0.5058772,1
2023-03-20,1,1.07231,0.5058061,1
2023-03-21,1,1.07693,0.50570166,1
2023-03-22,-1,1.0859,0.50576156,1
2023-03-23,-1,1.08323,0.5055733,1
2023-03-24,1,1.07601,0.505491,1
2023-03-27,1,1.07979,0.505575,1
2023-03-28,0,1.08446,0.5055182,1
2023-03-29,1,1.08446,0.5054099,1
2023-03-30,-1,1.09048,0.5052699,1
2023-03-31,1,1.08426,0.5050958,1
2023-04-03,1,1.09032,0.50523967,1
2023-04-04,-1,1.09559,0.5052852,1
2023-04-05,1,1.09058,0.50516737,1
2023-04-06,-1,1.09196,0.50513434,1
2023-04-07,-1,1.08985,0.50504476,-1
2023-04-10,1,1.08614,0.50507534,1
2023-04-11,1,1.09131,0.50506586,1
2023-04-12,1,1.09916,0.50506717,1
2023-04-13,-1,1.10472,0.5051307,1
2023-04-14,-1,1.09948,0.50511926,1
2023-04-17,1,1.09288,0.50509,1
2023-04-18,-1,1.0972,0.50506634,1
2023-04-19,1,1.09558,0.50500447,-1
2023-04-20,1,1.09696,0.50511795,1
2023-04-21,1,1.09895,0.5051072,1
2023-04-24,-1,1.10444,0.50510347,1
2023-04-25,1,1.09745,0.50517356,1
2023-04-26,-1,1.10414,0.5052497,1
2023-04-27,-1,1.10285,0.50517577,1
2023-04-28,-1,1.10166,0.50512016,1
2023-05-01,1,1.0976,0.50496984,-1
2023-05-02,1,1.09992,0.5049059,-1
2023-05-03,-1,1.106,0.5048909,-1
2023-05-04,1,1.1014,0.5049737,-1
2023-05-05,-1,1.10183,0.5051027,1
2023-05-08,-1,1.10042,0.50504524,-1
2023-05-09,1,1.09603,0.50505626,1
2023-05-10,-1,1.09831,0.505108,1
2023-05-11,-1,1.09166,0.5050865,1
2023-05-12,1,1.08499,0.5051923,1
2023-05-15,-1,1.08741,0.5054079,1
2023-05-16,-1,1.08616,0.505419,1
2023-05-17,-1,1.08382,0.5055625,1
2023-05-18,1,1.0771,0.5056996,1
2023-05-19,1,1.08047,0.50588673,1
2023-05-22,-1,1.0813,0.5058142,1
2023-05-23,-1,1.07708,0.50580215,1
2023-05-24,-1,1.07505,0.5059469,1
2023-05-25,1,1.07251,0.5060278,1
2023-05-26,-1,1.07255,0.5061585,1
2023-05-29,1,1.07089,0.5063328,1
2023-05-30,-1,1.07346,0.5064798,1
2023-05-31,1,1.06885,0.5066509,1
2023-06-01,-1,1.07616,0.50681823,1
2023-06-02,1,1.0706,0.5066622,1
2023-06-05,-1,1.07127,0.50670916,1
2023-06-06,1,1.06923,0.50666183,1
2023-06-07,1,1.06982,0.5066644,1
2023-06-08,-1,1.07817,0.5065551,1
2023-06-09,1,1.07495,0.5064332,1
2023-06-12,1,1.0758,0.5065207,1
2023-06-13,1,1.07923,0.5064793,1
2023-06-14,1,1.08309,0.5063473,1
2023-06-15,-1,1.09455,0.506174,1
2023-06-16,-1,1.09409,0.5059414,1
2023-06-19,-1,1.09223,0.5057291,1
2023-06-20,1,1.09169,0.5056775,1
2023-06-21,-1,1.09869,0.50546527,1
2023-06-22,-1,1.09535,0.50541353,1
2023-06-23,1,1.08942,0.5054184,1
2023-06-26,1,1.09048,0.50541824,1
2023-06-27,-1,1.09606,0.50529927,1
2023-06-28,-1,1.09128,0.5050714,1
2023-06-29,1,1.08652,0.5051409,1
2023-06-30,1,1.09106,0.5050801,1
2023-07-03,-1,1.09136,0.5049049,-1
2023-07-04,-1,1.0879,0.5048633,-1
2023-07-05,1,1.08539,0.5048844,-1
2023-07-06,1,1.08913,0.50494283,-1
2023-07-07,1,1.09662,0.5050077,-1
2023-07-10,1,1.10001,0.50501007,-1
2023-07-11,1,1.10083,0.505075,1
2023-07-12,1,1.11308,0.50520015,1
2023-07-13,1,1.12259,0.5051465,1
2023-07-14,1,1.12285,0.5050012,-1
2023-07-17,-1,1.12406,0.5048955,-1
2023-07-18,-1,1.12281,0.5049536,-1
2023-07-19,-1,1.12021,0.50492406,-1
2023-07-20,-1,1.113,0.50479174,-1
2023-07-21,-1,1.11254,0.50478935,-1
2023-07-24,-1,1.10641,0.50478506,-1
2023-07-25,1,1.10545,0.50483865,-1
2023-07-26,-1,1.1087,0.5047688,-1
2023-07-27,1,1.09755,0.50461984,-1
2023-07-28,-1,1.10164,0.50463104,-1
2023-07-31,-1,1.09968,0.504426,-1
2023-08-01,-1,1.0984,0.5043516,-1
2023-08-02,1,1.09379,0.50440174,-1
2023-08-03,1,1.09479,0.504541,-1
2023-08-04,-1,1.10111,0.50467336,-1
2023-08-07,-1,1.10021,0.5048059,-1
2023-08-08,1,1.09559,0.50508916,1
2023-08-09,1,1.09733,0.50538254,1
2023-08-10,-1,1.09792,0.5054474,1
2023-08-11,-1,1.09477,0.5055438,1
2023-08-14,-1,1.09057,0.5056251,1
2023-08-15,-1,1.09031,0.50564915,1
2023-08-16,-1,1.08791,0.50579756,1
2023-08-17,1,1.08715,0.50589657,1
2023-08-18,1,1.0872,0.5060605,1
2023-08-21,-1,1.08952,0.5061673,1
2023-08-22,1,1.08473,0.5061611,1
2023-08-23,-1,1.08634,0.5061845,1
2023-08-24,-1,1.08107,0.5060246,1
2023-08-25,1,1.07937,0.5061061,1
2023-08-28,1,1.08186,0.5061786,1
2023-08-29,1,1.08804,0.5061416,1
2023-08-30,-1,1.0923,0.5060822,1
2023-08-31,-1,1.08423,0.5061084,1
2023-09-01,1,1.07731,0.50623876,1
2023-09-04,-1,1.07963,0.5059894,1
2023-09-05,1,1.07219,0.5058939,1
2023-09-06,-1,1.07255,0.50602233,1
2023-09-07,1,1.06959,0.50606173,1
2023-09-08,1,1.07002,0.5060782,1
2023-09-11,1,1.07489,0.50616515,1
2023-09-12,-1,1.07597,0.5060646,1
2023-09-13,-1,1.07297,0.5061012,1
2023-09-14,1,1.06433,0.506075,1
2023-09-15,1,1.06626,0.50597817,1
2023-09-18,-1,1.06915,0.5057276,1
2023-09-19,-1,1.06809,0.5056983,1
2023-09-20,1,1.06598,0.50601494,1
2023-09-21,-1,1.06617,0.50637907,1
2023-09-22,-1,1.0644,0.50645846,1
2023-09-25,-1,1.05926,0.5065514,1
2023-09-26,-1,1.05713,0.50664735,1
2023-09-27,1,1.05038,0.5066913,1
2023-09-28,1,1.05665,0.5067235,1
2023-09-29,-1,1.0573,0.5064932,1
2023-10-02,-1,1.04793,0.5064839,1
2023-10-03,1,1.04666,0.506654,1
2023-10-04,1,1.05048,0.50672114,1
2023-10-05,1,1.05506,0.50663877,1
2023-10-06,-1,1.05835,0.5065851,1
2023-10-09,1,1.05664,0.5065668,1
2023-10-10,1,1.06052,0.50657517,1
2023-10-11,-1,1.06184,0.50643164,1
2023-10-12,-1,1.0528,0.50639766,1
2023-10-13,1,1.05067,0.5064793,1
2023-10-16,1,1.05588,0.50642735,1
2023-10-17,-1,1.05769,0.5063515,1
2023-10-18,1,1.05354,0.50623554,1
2023-10-19,1,1.0581,0.50628763,1
2023-10-20,1,1.05949,0.5062368,1
2023-10-23,-1,1.06693,0.5061117,1
2023-10-24,-1,1.05898,0.505853,1
2023-10-25,-1,1.05659,0.5057668,1
2023-10-26,1,1.0561,0.50567335,1
2023-10-27,1,1.05652,0.5056628,1
2023-10-30,-1,1.06147,0.5056627,1
2023-10-31,-1,1.05746,0.50582254,1
2023-11-01,1,1.05702,0.50615674,1
2023-11-02,1,1.06214,0.5061258,1
2023-11-03,-1,1.07273,0.505938,1
2023-11-06,-1,1.0717,0.50586945,1
2023-11-07,1,1.06992,0.5060205,1
2023-11-08,-1,1.07095,0.50588703,1
2023-11-09,1,1.0668,0.5058354,1
2023-11-10,1,1.0684,0.5058001,1
2023-11-13,1,1.06993,0.5059483,1
2023-11-14,-1,1.0879,0.50595367,1
2023-11-15,1,1.08465,0.50572795,1
2023-11-16,1,1.08537,0.50567937,1
2023-11-17,1,1.0913,0.50550777,1
2023-11-20,-1,1.09405,0.5054624,1
2023-11-21,-1,1.09122,0.50535256,1
2023-11-22,1,1.08886,0.5051502,1
2023-11-23,1,1.09064,0.5050545,1
2023-11-24,1,1.09358,0.5051912,1
2023-11-27,1,1.09547,0.5052993,1
2023-11-28,-1,1.09949,0.50530714,1
2023-11-29,-1,1.09703,0.505308,1
2023-11-30,-1,1.08894,0.5051311,1
2023-12-01,-1,1.08809,0.504926,-1
2023-12-04,-1,1.08357,0.5046743,-1
2023-12-05,-1,1.07982,0.50469035,-1
2023-12-06,1,1.07633,0.50495136,-1
2023-12-07,-1,1.07959,0.50512594,1
2023-12-08,1,1.07624,0.5052319,1
2023-12-11,1,1.0764,0.50548124,1
2023-12-12,1,1.07951,0.50563985,1
2023-12-13,1,1.08748,0.50563675,1
2023-12-14,-1,1.09912,0.50552344,1
2023-12-15,1,1.08952,0.50545055,1
2023-12-18,1,1.09234,0.5055761,1
2023-12-19,-1,1.09801,0.5056847,1
2023-12-20,1,1.09421,0.5058556,1
2023-12-21,1,1.10118,0.50583315,1
2023-12-22,1,1.10124,0.50567913,1
2023-12-26,1,1.10416,0.50545454,1
2023-12-27,-1,1.11065,0.50547844,1
2023-12-28,-1,1.10623,0.5053031,1
2023-12-29,-1,1.1039,0.50531423,1
2024-01-02,-1,1.09413,0.5051871,1
2024-01-03,1,1.09196,0.5050577,1
2024-01-04,-1,1.09478,0.5048735,-1
2024-01-05,1,1.09409,0.5047711,-1
2024-01-08,-1,1.09508,0.50494504,-1
2024-01-09,1,1.0931,0.50500745,-1
2024-01-10,1,1.0972,0.50504833,-1
2024-01-11,-1,1.09727,0.5050612,1
2024-01-12,1,1.09496,0.5050043,-1
2024-01-15,-1,1.09504,0.50501466,-1
2024-01-16,1,1.08756,0.50504774,-1
2024-01-17,-1,1.08815,0.505087,1
2024-01-18,1,1.08755,0.5052237,1
2024-01-19,-1,1.08974,0.5054211,1
2024-01-22,-1,1.0882,0.50561494,1
2024-01-23,1,1.08533,0.5057476,1
2024-01-24,-1,1.08846,0.5058111,1
2024-01-25,1,1.08473,0.5057772,1
2024-01-26,-1,1.08528,0.5058403,1
2024-01-29,1,1.08342,0.5058444,1
2024-01-30,-1,1.08454,0.5058392,1
2024-01-31,1,1.08181,0.5058625,1
2024-02-01,-1,1.08713,0.5059875,1
2024-02-02,-1,1.07888,0.50594664,1
2024-02-05,1,1.07412,0.5061528,1
2024-02-06,1,1.07549,0.50623673,1
2024-02-07,1,1.07735,0.50624764,1
2024-02-08,1,1.07779,0.5062029,1
2024-02-09,-1,1.07844,0.5062586,1
2024-02-12,-1,1.0772,0.5062362,1
2024-02-13,1,1.07094,0.5061573,1
2024-02-14,1,1.07276,0.5062976,1
2024-02-15,1,1.0773,0.5062762,1
2024-02-16,1,1.07762,0.50625324,1
2024-02-19,1,1.07794,0.50619256,1
2024-02-20,1,1.08083,0.50616974,1
2024-02-21,1,1.08173,0.5059842,1
2024-02-22,-1,1.08234,0.5060365,1
2024-02-23,1,1.08207,0.50599086,1
2024-02-26,-1,1.08509,0.5058902,1
2024-02-27,-1,1.08447,0.5057341,1
2024-02-28,-1,1.08376,0.5056801,1
2024-02-29,1,1.08045,0.5056161,1
2024-03-01,1,1.08399,0.50563663,1
2024-03-04,1,1.08559,0.50557584,1
2024-03-05,1,1.08563,0.5054749,1
2024-03-06,1,1.08979,0.5053298,1
2024-03-07,-1,1.09488,0.5051743,1
2024-03-08,-1,1.09391,0.5050254,-1
2024-03-11,1,1.09265,0.5048256,-1
2024-03-12,1,1.09268,0.5047901,-1
2024-03-13,-1,1.09476,0.5047682,-1
2024-03-14,1,1.08839,0.50478864,-1
2024-03-15,-1,1.08885,0.50485575,-1
2024-03-18,-1,1.08717,0.50491184,-1
2024-03-19,1,1.08655,0.5050144,-1
2024-03-20,-1,1.09226,0.5051204,1
2024-03-21,-1,1.08595,0.50498915,-1
2024-03-22,1,1.08087,0.5050252,-1
2024-03-25,-1,1.08366,0.50502324,-1
2024-03-26,-1,1.08313,0.5049286,-1
2024-03-27,-1,1.08279,0.50500816,-1
2024-03-28,1,1.07868,0.50519687,1
2024-03-29,-1,1.07928,0.5054203,1
2024-04-01,1,1.07425,0.5055417,1
2024-04-02,1,1.07684,0.5057492,1
2024-04-03,1,1.08366,0.50598466,1
2024-04-04,-1,1.08381,0.5059494,1
2024-04-05,1,1.0837,0.5059973,1
2024-04-08,-1,1.08591,0.505902,1
2024-04-09,-1,1.08573,0.5056998,1
2024-04-10,-1,1.07418,0.5057968,1
2024-04-11,-1,1.07258,0.50599974,1
2024-04-12,-1,1.06413,0.5060191,1
2024-04-15,-1,1.06225,0.5062299,1
2024-04-16,1,1.06184,0.50641215,1
2024-04-17,-1,1.06733,0.50660354,1
2024-04-18,1,1.06416,0.50656354,1
